{"pageName":"https://www.oxigen.com/","title":"Online Bill Payments & Recharge offers, Money Transfer, Mobile Payments | Oxigen Wallet","items":{"mobilerecharge-amount":{"area":[168,407,116,38],"text":"","hasImage":true},"mobilerecharge-operator":{"area":[405,349,247,38],"text":"Select Operator\nAircel\nAirtel\nBSNL\nIdea\nMTNL\nMTS\nReliance GSM\nT24\nTATA Docomo\nTata Indicom\nUninor\nVideocon\nVodafone","hasImage":true},"mb-rechrge-plans":{"area":[284,407,91,38],"text":"Browse Plans","hasImage":true},"button-mobile-recharge":{"area":[129,465,247,37],"text":"Recharge Now","hasImage":true},"mobile":{"area":[129,297,523,205],"text":"Prepaid\nPostpaid\n1\n2\n3\n+91\nSelect Operator\nAircel\nAirtel\nBSNL\nIdea\nMTNL\nMTS\nReliance GSM\nT24\nTATA Docomo\nTata Indicom\nUninor\nVideocon\nVodafone\n₹\nBrowse Plans\nRecharge Now","hasImage":true},"form-mobile-recharge":{"area":[129,297,523,205],"text":"Prepaid\nPostpaid\n1\n2\n3\n+91\nSelect Operator\nAircel\nAirtel\nBSNL\nIdea\nMTNL\nMTS\nReliance GSM\nT24\nTATA Docomo\nTata Indicom\nUninor\nVideocon\nVodafone\n₹\nBrowse Plans\nRecharge Now","hasImage":true},"menu":{"area":[0,0,50,52],"text":"","hasImage":true},"mobilerecharge-service_number":{"area":[168,349,207,38],"text":"","hasImage":true},"mb_recharge_sub_container":{"area":[114,465,277,37],"text":"Recharge Now","hasImage":true}}}