{"pageName":"https://accounts.google.com/ServiceLogin?service=mail&passive=true&rm=false&continue=https://mail.google.com/mail/&ss=1&scc=1&ltmpl=default&ltmplcache=2&emr=1&osid=1#identifier","title":"Gmail","items":{"next":{"area":[537,401,274,36],"text":"Next","hasImage":true},"cc_iframe_parent":{"area":[537,229,274,0],"text":"","hasImage":true},"canvas":{"area":[626,229,96,96],"text":"","hasImage":true},"Email":{"area":[537,351,274,44],"text":"","hasImage":true},"link-signup":{"area":[626,533,97,16],"text":"Create account","hasImage":true},"gaia_loginform":{"area":[537,335,274,0],"text":"Find my account","hasImage":true},"footer-list":{"area":[44,722,231,16],"text":"About Google Privacy Terms Help","hasImage":true},"identifier-shown":{"area":[537,351,274,44],"text":"","hasImage":true},"lang-chooser-wrap":{"area":[1110,711,195,24],"text":"‪Afrikaans‬\n  \n  \n  ‪azərbaycan‬\n  \n  \n  ‪Bahasa Melayu‬\n  \n  \n  ‪català‬\n  \n  \n  ‪Čeština‬\n  \n  \n  ‪Dansk‬\n  \n  \n  ‪Deutsch‬\n  \n  \n  ‪eesti‬\n  \n  \n  ‪English (United Kingdom)‬\n  \n  \n  ‪English (United States)‬\n  \n  \n  ‪Español (España)‬\n  \n  \n  ‪Español (Latinoamérica)‬\n  \n  \n  ‪euskara‬\n  \n  \n  ‪Filipino‬\n  \n  \n  ‪Français (Canada)‬\n  \n  \n  ‪Français (France)‬\n  \n  \n  ‪galego‬\n  \n  \n  ‪Hrvatski‬\n  \n  \n  ‪Indonesia‬\n  \n  \n  ‪isiZulu‬\n  \n  \n  ‪íslenska‬\n  \n  \n  ‪Italiano‬\n  \n  \n  ‪Kiswahili‬\n  \n  \n  ‪latviešu‬\n  \n  \n  ‪lietuvių‬\n  \n  \n  ‪magyar‬\n  \n  \n  ‪Nederlands‬\n  \n  \n  ‪norsk‬\n  \n  \n  ‪polski‬\n  \n  \n  ‪Português (Brasil)‬\n  \n  \n  ‪Português (Portugal)‬\n  \n  \n  ‪română‬\n  \n  \n  ‪Slovenčina‬\n  \n  \n  ‪slovenščina‬\n  \n  \n  ‪Suomi‬\n  \n  \n  ‪Svenska‬\n  \n  \n  ‪Tiếng Việt‬\n  \n  \n  ‪Türkçe‬\n  \n  \n  ‪Ελληνικά‬\n  \n  \n  ‪български‬\n  \n  \n  ‪монгол‬\n  \n  \n  ‪Русский‬\n  \n  \n  ‪српски‬\n  \n  \n  ‪Українська‬\n  \n  \n  ‪ქართული‬\n  \n  \n  ‪հայերեն‬\n  \n  \n  ‫עברית‬\n  \n  \n  ‫اردو‬\n  \n  \n  ‫العربية‬\n  \n  \n  ‫فارسی‬\n  \n  \n  ‪አማርኛ‬\n  \n  \n  ‪नेपाली‬\n  \n  \n  ‪मराठी‬\n  \n  \n  ‪हिन्दी‬\n  \n  \n  ‪বাংলা‬\n  \n  \n  ‪ગુજરાતી‬\n  \n  \n  ‪தமிழ்‬\n  \n  \n  ‪తెలుగు‬\n  \n  \n  ‪ಕನ್ನಡ‬\n  \n  \n  ‪മലയാളം‬\n  \n  \n  ‪සිංහල‬\n  \n  \n  ‪ไทย‬\n  \n  \n  ‪ລາວ‬\n  \n  \n  ‪မြန်မာ‬\n  \n  \n  ‪ខ្មែរ‬\n  \n  \n  ‪한국어‬\n  \n  \n  ‪中文（香港）‬\n  \n  \n  ‪日本語‬\n  \n  \n  ‪简体中文‬\n  \n  \n  ‪繁體中文‬","hasImage":true},"lang-chooser":{"area":[1134,711,171,24],"text":"‪Afrikaans‬\n  \n  \n  ‪azərbaycan‬\n  \n  \n  ‪Bahasa Melayu‬\n  \n  \n  ‪català‬\n  \n  \n  ‪Čeština‬\n  \n  \n  ‪Dansk‬\n  \n  \n  ‪Deutsch‬\n  \n  \n  ‪eesti‬\n  \n  \n  ‪English (United Kingdom)‬\n  \n  \n  ‪English (United States)‬\n  \n  \n  ‪Español (España)‬\n  \n  \n  ‪Español (Latinoamérica)‬\n  \n  \n  ‪euskara‬\n  \n  \n  ‪Filipino‬\n  \n  \n  ‪Français (Canada)‬\n  \n  \n  ‪Français (France)‬\n  \n  \n  ‪galego‬\n  \n  \n  ‪Hrvatski‬\n  \n  \n  ‪Indonesia‬\n  \n  \n  ‪isiZulu‬\n  \n  \n  ‪íslenska‬\n  \n  \n  ‪Italiano‬\n  \n  \n  ‪Kiswahili‬\n  \n  \n  ‪latviešu‬\n  \n  \n  ‪lietuvių‬\n  \n  \n  ‪magyar‬\n  \n  \n  ‪Nederlands‬\n  \n  \n  ‪norsk‬\n  \n  \n  ‪polski‬\n  \n  \n  ‪Português (Brasil)‬\n  \n  \n  ‪Português (Portugal)‬\n  \n  \n  ‪română‬\n  \n  \n  ‪Slovenčina‬\n  \n  \n  ‪slovenščina‬\n  \n  \n  ‪Suomi‬\n  \n  \n  ‪Svenska‬\n  \n  \n  ‪Tiếng Việt‬\n  \n  \n  ‪Türkçe‬\n  \n  \n  ‪Ελληνικά‬\n  \n  \n  ‪български‬\n  \n  \n  ‪монгол‬\n  \n  \n  ‪Русский‬\n  \n  \n  ‪српски‬\n  \n  \n  ‪Українська‬\n  \n  \n  ‪ქართული‬\n  \n  \n  ‪հայերեն‬\n  \n  \n  ‫עברית‬\n  \n  \n  ‫اردو‬\n  \n  \n  ‫العربية‬\n  \n  \n  ‫فارسی‬\n  \n  \n  ‪አማርኛ‬\n  \n  \n  ‪नेपाली‬\n  \n  \n  ‪मराठी‬\n  \n  \n  ‪हिन्दी‬\n  \n  \n  ‪বাংলা‬\n  \n  \n  ‪ગુજરાતી‬\n  \n  \n  ‪தமிழ்‬\n  \n  \n  ‪తెలుగు‬\n  \n  \n  ‪ಕನ್ನಡ‬\n  \n  \n  ‪മലയാളം‬\n  \n  \n  ‪සිංහල‬\n  \n  \n  ‪ไทย‬\n  \n  \n  ‪ລາວ‬\n  \n  \n  ‪မြန်မာ‬\n  \n  \n  ‪ខ្មែរ‬\n  \n  \n  ‪한국어‬\n  \n  \n  ‪中文（香港）‬\n  \n  \n  ‪日本語‬\n  \n  \n  ‪简体中文‬\n  \n  \n  ‪繁體中文‬","hasImage":true},"gaia_firstform":{"area":[537,335,274,128],"text":"Find my account","hasImage":true},"lang-vis-control":{"area":[44,711,0,0],"text":"‪Afrikaans‬\n  \n  \n  ‪azərbaycan‬\n  \n  \n  ‪Bahasa Melayu‬\n  \n  \n  ‪català‬\n  \n  \n  ‪Čeština‬\n  \n  \n  ‪Dansk‬\n  \n  \n  ‪Deutsch‬\n  \n  \n  ‪eesti‬\n  \n  \n  ‪English (United Kingdom)‬\n  \n  \n  ‪English (United States)‬\n  \n  \n  ‪Español (España)‬\n  \n  \n  ‪Español (Latinoamérica)‬\n  \n  \n  ‪euskara‬\n  \n  \n  ‪Filipino‬\n  \n  \n  ‪Français (Canada)‬\n  \n  \n  ‪Français (France)‬\n  \n  \n  ‪galego‬\n  \n  \n  ‪Hrvatski‬\n  \n  \n  ‪Indonesia‬\n  \n  \n  ‪isiZulu‬\n  \n  \n  ‪íslenska‬\n  \n  \n  ‪Italiano‬\n  \n  \n  ‪Kiswahili‬\n  \n  \n  ‪latviešu‬\n  \n  \n  ‪lietuvių‬\n  \n  \n  ‪magyar‬\n  \n  \n  ‪Nederlands‬\n  \n  \n  ‪norsk‬\n  \n  \n  ‪polski‬\n  \n  \n  ‪Português (Brasil)‬\n  \n  \n  ‪Português (Portugal)‬\n  \n  \n  ‪română‬\n  \n  \n  ‪Slovenčina‬\n  \n  \n  ‪slovenščina‬\n  \n  \n  ‪Suomi‬\n  \n  \n  ‪Svenska‬\n  \n  \n  ‪Tiếng Việt‬\n  \n  \n  ‪Türkçe‬\n  \n  \n  ‪Ελληνικά‬\n  \n  \n  ‪български‬\n  \n  \n  ‪монгол‬\n  \n  \n  ‪Русский‬\n  \n  \n  ‪српски‬\n  \n  \n  ‪Українська‬\n  \n  \n  ‪ქართული‬\n  \n  \n  ‪հայերեն‬\n  \n  \n  ‫עברית‬\n  \n  \n  ‫اردو‬\n  \n  \n  ‫العربية‬\n  \n  \n  ‫فارسی‬\n  \n  \n  ‪አማርኛ‬\n  \n  \n  ‪नेपाली‬\n  \n  \n  ‪मराठी‬\n  \n  \n  ‪हिन्दी‬\n  \n  \n  ‪বাংলা‬\n  \n  \n  ‪ગુજરાતી‬\n  \n  \n  ‪தமிழ்‬\n  \n  \n  ‪తెలుగు‬\n  \n  \n  ‪ಕನ್ನಡ‬\n  \n  \n  ‪മലയാളം‬\n  \n  \n  ‪සිංහල‬\n  \n  \n  ‪ไทย‬\n  \n  \n  ‪ລາວ‬\n  \n  \n  ‪မြန်မာ‬\n  \n  \n  ‪ខ្មែរ‬\n  \n  \n  ‪한국어‬\n  \n  \n  ‪中文（香港）‬\n  \n  \n  ‪日本語‬\n  \n  \n  ‪简体中文‬\n  \n  \n  ‪繁體中文‬","hasImage":true}}}