{"pageName":"https://www.oxigen.com/","title":"Online Bill Payments & Recharge offers, Money Transfer, Mobile Payments | Oxigen Wallet","items":{"mobilerecharge-amount":{"area":[70,462,175,38],"text":"","hasImage":true},"mobilerecharge-operator":{"area":[31,404,305,38],"text":"Select Operator\nAircel\nAirtel\nBSNL\nIdea\nMTNL\nMTS\nReliance GSM\nT24\nTATA Docomo\nTata Indicom\nUninor\nVideocon\nVodafone","hasImage":true},"mb-rechrge-plans":{"area":[245,462,91,38],"text":"Browse Plans","hasImage":true},"button-mobile-recharge":{"area":[31,520,305,37],"text":"Recharge Now","hasImage":true},"mobile":{"area":[31,264,305,293],"text":"Prepaid\nPostpaid\n1\n2\n3\n+91\nSelect Operator\nAircel\nAirtel\nBSNL\nIdea\nMTNL\nMTS\nReliance GSM\nT24\nTATA Docomo\nTata Indicom\nUninor\nVideocon\nVodafone\n₹\nBrowse Plans\nRecharge Now","hasImage":true},"form-mobile-recharge":{"area":[31,264,305,293],"text":"Prepaid\nPostpaid\n1\n2\n3\n+91\nSelect Operator\nAircel\nAirtel\nBSNL\nIdea\nMTNL\nMTS\nReliance GSM\nT24\nTATA Docomo\nTata Indicom\nUninor\nVideocon\nVodafone\n₹\nBrowse Plans\nRecharge Now","hasImage":true},"menu":{"area":[0,42,50,52],"text":"","hasImage":true},"mobilerecharge-service_number":{"area":[70,346,266,38],"text":"","hasImage":true},"mb_recharge_sub_container":{"area":[16,520,335,37],"text":"Recharge Now","hasImage":true}}}