{
  "testId" : "1-testoxigenwallet-checklayout-testdevice-device-desktop-screensize-null-tags-desktop-browser-chrome-url-https-www.oxigen.com-uniqueid-desktop-",
  "name" : "testOxigenWallet#checkLayout (TestDevice [device=desktop, screenSize=null, tags=[desktop], browser=chrome, URL=https://www.oxigen.com/, uniqueID=desktop])",
  "report" : {
    "nodes" : [ {
      "name" : "Check layout specs/outputSpecs/oxigenWalletHomedesktop.spec",
      "status" : "error",
      "time" : 1490613843487,
      "includedTags" : [ "desktop" ],
      "excludedTags" : [ ],
      "sections" : [ {
        "name" : "button-mobile-recharge:",
        "place" : {
          "filePath" : "specs/outputSpecs/oxigenWalletHomedesktop.spec",
          "lineNumber" : 87
        },
        "objects" : [ {
          "name" : "button-mobile-recharge",
          "specs" : [ {
            "status" : "info",
            "place" : {
              "filePath" : "specs/outputSpecs/oxigenWalletHomedesktop.spec",
              "lineNumber" : 89
            },
            "name" : "width 47.2% of form-mobile-recharge/width",
            "highlight" : [ "button-mobile-recharge" ]
          }, {
            "status" : "info",
            "place" : {
              "filePath" : "specs/outputSpecs/oxigenWalletHomedesktop.spec",
              "lineNumber" : 90
            },
            "name" : "width 271% of mb-rechrge-plans/width",
            "highlight" : [ "button-mobile-recharge" ]
          }, {
            "status" : "error",
            "place" : {
              "filePath" : "specs/outputSpecs/oxigenWalletHomedesktop.spec",
              "lineNumber" : 91
            },
            "name" : "width 89.2% of mb_recharge_sub_container/width",
            "errors" : [ "\"button-mobile-recharge\" width is 89.1% [247px] instead of 89.2% [247px]" ],
            "highlight" : [ "button-mobile-recharge" ]
          }, {
            "status" : "info",
            "place" : {
              "filePath" : "specs/outputSpecs/oxigenWalletHomedesktop.spec",
              "lineNumber" : 92
            },
            "name" : "width 494% of menu/width",
            "highlight" : [ "button-mobile-recharge" ]
          }, {
            "status" : "info",
            "place" : {
              "filePath" : "specs/outputSpecs/oxigenWalletHomedesktop.spec",
              "lineNumber" : 93
            },
            "name" : "width 47.2% of mobile/width",
            "highlight" : [ "button-mobile-recharge" ]
          }, {
            "status" : "error",
            "place" : {
              "filePath" : "specs/outputSpecs/oxigenWalletHomedesktop.spec",
              "lineNumber" : 94
            },
            "name" : "width 213% of mobilerecharge-amount/width",
            "errors" : [ "\"button-mobile-recharge\" width is 212% [247px] instead of 213% [247px]" ],
            "highlight" : [ "button-mobile-recharge" ]
          }, {
            "status" : "info",
            "place" : {
              "filePath" : "specs/outputSpecs/oxigenWalletHomedesktop.spec",
              "lineNumber" : 95
            },
            "name" : "width 100% of mobilerecharge-operator/width",
            "highlight" : [ "button-mobile-recharge" ]
          }, {
            "status" : "info",
            "place" : {
              "filePath" : "specs/outputSpecs/oxigenWalletHomedesktop.spec",
              "lineNumber" : 96
            },
            "name" : "width 119% of mobilerecharge-service_number/width",
            "highlight" : [ "button-mobile-recharge" ]
          }, {
            "status" : "info",
            "place" : {
              "filePath" : "specs/outputSpecs/oxigenWalletHomedesktop.spec",
              "lineNumber" : 97
            },
            "name" : "height 18% of form-mobile-recharge/height",
            "highlight" : [ "button-mobile-recharge" ]
          }, {
            "status" : "error",
            "place" : {
              "filePath" : "specs/outputSpecs/oxigenWalletHomedesktop.spec",
              "lineNumber" : 98
            },
            "name" : "height 97.4% of mb-rechrge-plans/height",
            "errors" : [ "\"button-mobile-recharge\" height is 97.3% [37px] instead of 97.4% [37px]" ],
            "highlight" : [ "button-mobile-recharge" ]
          }, {
            "status" : "info",
            "place" : {
              "filePath" : "specs/outputSpecs/oxigenWalletHomedesktop.spec",
              "lineNumber" : 99
            },
            "name" : "height 100% of mb_recharge_sub_container/height",
            "highlight" : [ "button-mobile-recharge" ]
          }, {
            "status" : "error",
            "place" : {
              "filePath" : "specs/outputSpecs/oxigenWalletHomedesktop.spec",
              "lineNumber" : 100
            },
            "name" : "height 71.2% of menu/height",
            "errors" : [ "\"button-mobile-recharge\" height is 71.1% [37px] instead of 71.2% [37px]" ],
            "highlight" : [ "button-mobile-recharge" ]
          }, {
            "status" : "info",
            "place" : {
              "filePath" : "specs/outputSpecs/oxigenWalletHomedesktop.spec",
              "lineNumber" : 101
            },
            "name" : "height 18% of mobile/height",
            "highlight" : [ "button-mobile-recharge" ]
          }, {
            "status" : "error",
            "place" : {
              "filePath" : "specs/outputSpecs/oxigenWalletHomedesktop.spec",
              "lineNumber" : 102
            },
            "name" : "height 97.4% of mobilerecharge-amount/height",
            "errors" : [ "\"button-mobile-recharge\" height is 97.3% [37px] instead of 97.4% [37px]" ],
            "highlight" : [ "button-mobile-recharge" ]
          }, {
            "status" : "error",
            "place" : {
              "filePath" : "specs/outputSpecs/oxigenWalletHomedesktop.spec",
              "lineNumber" : 103
            },
            "name" : "height 97.4% of mobilerecharge-operator/height",
            "errors" : [ "\"button-mobile-recharge\" height is 97.3% [37px] instead of 97.4% [37px]" ],
            "highlight" : [ "button-mobile-recharge" ]
          }, {
            "status" : "error",
            "place" : {
              "filePath" : "specs/outputSpecs/oxigenWalletHomedesktop.spec",
              "lineNumber" : 104
            },
            "name" : "height 97.4% of mobilerecharge-service_number/height",
            "errors" : [ "\"button-mobile-recharge\" height is 97.3% [37px] instead of 97.4% [37px]" ],
            "highlight" : [ "button-mobile-recharge" ]
          }, {
            "status" : "info",
            "place" : {
              "filePath" : "specs/outputSpecs/oxigenWalletHomedesktop.spec",
              "lineNumber" : 105
            },
            "name" : "inside partly form-mobile-recharge  168px top, 276px right",
            "highlight" : [ "button-mobile-recharge", "form-mobile-recharge" ]
          }, {
            "status" : "info",
            "place" : {
              "filePath" : "specs/outputSpecs/oxigenWalletHomedesktop.spec",
              "lineNumber" : 106
            },
            "name" : "inside partly mb_recharge_sub_container  15px left, 15px right",
            "highlight" : [ "button-mobile-recharge", "mb_recharge_sub_container" ]
          }, {
            "status" : "info",
            "place" : {
              "filePath" : "specs/outputSpecs/oxigenWalletHomedesktop.spec",
              "lineNumber" : 107
            },
            "name" : "inside partly mobile  168px top, 276px right",
            "highlight" : [ "button-mobile-recharge", "mobile" ]
          }, {
            "status" : "info",
            "place" : {
              "filePath" : "specs/outputSpecs/oxigenWalletHomedesktop.spec",
              "lineNumber" : 108
            },
            "name" : "aligned horizontally bottom form-mobile-recharge",
            "highlight" : [ "button-mobile-recharge", "form-mobile-recharge" ]
          }, {
            "status" : "info",
            "place" : {
              "filePath" : "specs/outputSpecs/oxigenWalletHomedesktop.spec",
              "lineNumber" : 109
            },
            "name" : "aligned horizontally all mb_recharge_sub_container",
            "highlight" : [ "button-mobile-recharge", "mb_recharge_sub_container" ]
          }, {
            "status" : "info",
            "place" : {
              "filePath" : "specs/outputSpecs/oxigenWalletHomedesktop.spec",
              "lineNumber" : 110
            },
            "name" : "aligned horizontally bottom mobile",
            "highlight" : [ "button-mobile-recharge", "mobile" ]
          }, {
            "status" : "info",
            "place" : {
              "filePath" : "specs/outputSpecs/oxigenWalletHomedesktop.spec",
              "lineNumber" : 111
            },
            "name" : "aligned vertically left form-mobile-recharge",
            "highlight" : [ "button-mobile-recharge", "form-mobile-recharge" ]
          }, {
            "status" : "info",
            "place" : {
              "filePath" : "specs/outputSpecs/oxigenWalletHomedesktop.spec",
              "lineNumber" : 112
            },
            "name" : "aligned vertically right mb-rechrge-plans 1px",
            "highlight" : [ "button-mobile-recharge", "mb-rechrge-plans" ]
          }, {
            "status" : "info",
            "place" : {
              "filePath" : "specs/outputSpecs/oxigenWalletHomedesktop.spec",
              "lineNumber" : 113
            },
            "name" : "aligned vertically left mobile",
            "highlight" : [ "button-mobile-recharge", "mobile" ]
          }, {
            "status" : "info",
            "place" : {
              "filePath" : "specs/outputSpecs/oxigenWalletHomedesktop.spec",
              "lineNumber" : 114
            },
            "name" : "aligned vertically right mobilerecharge-service_number 1px",
            "highlight" : [ "button-mobile-recharge", "mobilerecharge-service_number" ]
          }, {
            "status" : "info",
            "place" : {
              "filePath" : "specs/outputSpecs/oxigenWalletHomedesktop.spec",
              "lineNumber" : 115
            },
            "name" : "left-of mobilerecharge-operator 29px",
            "highlight" : [ "button-mobile-recharge", "mobilerecharge-operator" ]
          }, {
            "status" : "info",
            "place" : {
              "filePath" : "specs/outputSpecs/oxigenWalletHomedesktop.spec",
              "lineNumber" : 116
            },
            "name" : "right-of menu 79px",
            "highlight" : [ "button-mobile-recharge", "menu" ]
          }, {
            "status" : "info",
            "place" : {
              "filePath" : "specs/outputSpecs/oxigenWalletHomedesktop.spec",
              "lineNumber" : 117
            },
            "name" : "below mb-rechrge-plans 20px",
            "highlight" : [ "button-mobile-recharge", "mb-rechrge-plans" ]
          }, {
            "status" : "info",
            "place" : {
              "filePath" : "specs/outputSpecs/oxigenWalletHomedesktop.spec",
              "lineNumber" : 118
            },
            "name" : "below menu 413px",
            "highlight" : [ "button-mobile-recharge", "menu" ]
          }, {
            "status" : "info",
            "place" : {
              "filePath" : "specs/outputSpecs/oxigenWalletHomedesktop.spec",
              "lineNumber" : 119
            },
            "name" : "below mobilerecharge-amount 20px",
            "highlight" : [ "button-mobile-recharge", "mobilerecharge-amount" ]
          }, {
            "status" : "info",
            "place" : {
              "filePath" : "specs/outputSpecs/oxigenWalletHomedesktop.spec",
              "lineNumber" : 120
            },
            "name" : "below mobilerecharge-operator 78px",
            "highlight" : [ "button-mobile-recharge", "mobilerecharge-operator" ]
          }, {
            "status" : "info",
            "place" : {
              "filePath" : "specs/outputSpecs/oxigenWalletHomedesktop.spec",
              "lineNumber" : 121
            },
            "name" : "below mobilerecharge-service_number 78px",
            "highlight" : [ "button-mobile-recharge", "mobilerecharge-service_number" ]
          }, {
            "status" : "info",
            "place" : {
              "filePath" : "specs/outputSpecs/oxigenWalletHomedesktop.spec",
              "lineNumber" : 122
            },
            "name" : "centered horizontally inside mb_recharge_sub_container",
            "highlight" : [ "button-mobile-recharge", "mb_recharge_sub_container" ]
          } ]
        } ]
      }, {
        "name" : "form-mobile-recharge:",
        "place" : {
          "filePath" : "specs/outputSpecs/oxigenWalletHomedesktop.spec",
          "lineNumber" : 123
        },
        "objects" : [ {
          "name" : "form-mobile-recharge",
          "specs" : [ {
            "status" : "error",
            "place" : {
              "filePath" : "specs/outputSpecs/oxigenWalletHomedesktop.spec",
              "lineNumber" : 125
            },
            "name" : "width 212% of button-mobile-recharge/width",
            "errors" : [ "\"form-mobile-recharge\" width is 211% [523px] instead of 212% [523px]" ],
            "highlight" : [ "form-mobile-recharge" ]
          }, {
            "status" : "error",
            "place" : {
              "filePath" : "specs/outputSpecs/oxigenWalletHomedesktop.spec",
              "lineNumber" : 126
            },
            "name" : "width 575% of mb-rechrge-plans/width",
            "errors" : [ "\"form-mobile-recharge\" width is 574% [523px] instead of 575% [523px]" ],
            "highlight" : [ "form-mobile-recharge" ]
          }, {
            "status" : "error",
            "place" : {
              "filePath" : "specs/outputSpecs/oxigenWalletHomedesktop.spec",
              "lineNumber" : 127
            },
            "name" : "width 189% of mb_recharge_sub_container/width",
            "errors" : [ "\"form-mobile-recharge\" width is 188% [523px] instead of 189% [523px]" ],
            "highlight" : [ "form-mobile-recharge" ]
          }, {
            "status" : "error",
            "place" : {
              "filePath" : "specs/outputSpecs/oxigenWalletHomedesktop.spec",
              "lineNumber" : 128
            },
            "name" : "width 1050% of menu/width",
            "errors" : [ "\"form-mobile-recharge\" width is 1046% [523px] instead of 1050% [525px]" ],
            "highlight" : [ "form-mobile-recharge" ]
          }, {
            "status" : "info",
            "place" : {
              "filePath" : "specs/outputSpecs/oxigenWalletHomedesktop.spec",
              "lineNumber" : 129
            },
            "name" : "width 100% of mobile/width",
            "highlight" : [ "form-mobile-recharge" ]
          }, {
            "status" : "error",
            "place" : {
              "filePath" : "specs/outputSpecs/oxigenWalletHomedesktop.spec",
              "lineNumber" : 130
            },
            "name" : "width 451% of mobilerecharge-amount/width",
            "errors" : [ "\"form-mobile-recharge\" width is 450% [523px] instead of 451% [523px]" ],
            "highlight" : [ "form-mobile-recharge" ]
          }, {
            "status" : "error",
            "place" : {
              "filePath" : "specs/outputSpecs/oxigenWalletHomedesktop.spec",
              "lineNumber" : 131
            },
            "name" : "width 212% of mobilerecharge-operator/width",
            "errors" : [ "\"form-mobile-recharge\" width is 211% [523px] instead of 212% [523px]" ],
            "highlight" : [ "form-mobile-recharge" ]
          }, {
            "status" : "error",
            "place" : {
              "filePath" : "specs/outputSpecs/oxigenWalletHomedesktop.spec",
              "lineNumber" : 132
            },
            "name" : "width 253% of mobilerecharge-service_number/width",
            "errors" : [ "\"form-mobile-recharge\" width is 252% [523px] instead of 253% [523px]" ],
            "highlight" : [ "form-mobile-recharge" ]
          }, {
            "status" : "info",
            "place" : {
              "filePath" : "specs/outputSpecs/oxigenWalletHomedesktop.spec",
              "lineNumber" : 133
            },
            "name" : "height 554% of button-mobile-recharge/height",
            "highlight" : [ "form-mobile-recharge" ]
          }, {
            "status" : "info",
            "place" : {
              "filePath" : "specs/outputSpecs/oxigenWalletHomedesktop.spec",
              "lineNumber" : 134
            },
            "name" : "height 539% of mb-rechrge-plans/height",
            "highlight" : [ "form-mobile-recharge" ]
          }, {
            "status" : "info",
            "place" : {
              "filePath" : "specs/outputSpecs/oxigenWalletHomedesktop.spec",
              "lineNumber" : 135
            },
            "name" : "height 554% of mb_recharge_sub_container/height",
            "highlight" : [ "form-mobile-recharge" ]
          }, {
            "status" : "info",
            "place" : {
              "filePath" : "specs/outputSpecs/oxigenWalletHomedesktop.spec",
              "lineNumber" : 136
            },
            "name" : "height 394% of menu/height",
            "highlight" : [ "form-mobile-recharge" ]
          }, {
            "status" : "info",
            "place" : {
              "filePath" : "specs/outputSpecs/oxigenWalletHomedesktop.spec",
              "lineNumber" : 137
            },
            "name" : "height 100% of mobile/height",
            "highlight" : [ "form-mobile-recharge" ]
          }, {
            "status" : "info",
            "place" : {
              "filePath" : "specs/outputSpecs/oxigenWalletHomedesktop.spec",
              "lineNumber" : 138
            },
            "name" : "height 539% of mobilerecharge-amount/height",
            "highlight" : [ "form-mobile-recharge" ]
          }, {
            "status" : "info",
            "place" : {
              "filePath" : "specs/outputSpecs/oxigenWalletHomedesktop.spec",
              "lineNumber" : 139
            },
            "name" : "height 539% of mobilerecharge-operator/height",
            "highlight" : [ "form-mobile-recharge" ]
          }, {
            "status" : "info",
            "place" : {
              "filePath" : "specs/outputSpecs/oxigenWalletHomedesktop.spec",
              "lineNumber" : 140
            },
            "name" : "height 539% of mobilerecharge-service_number/height",
            "highlight" : [ "form-mobile-recharge" ]
          }, {
            "status" : "info",
            "place" : {
              "filePath" : "specs/outputSpecs/oxigenWalletHomedesktop.spec",
              "lineNumber" : 141
            },
            "name" : "inside partly mobile",
            "highlight" : [ "form-mobile-recharge", "mobile" ]
          }, {
            "status" : "info",
            "place" : {
              "filePath" : "specs/outputSpecs/oxigenWalletHomedesktop.spec",
              "lineNumber" : 142
            },
            "name" : "aligned horizontally bottom button-mobile-recharge",
            "highlight" : [ "form-mobile-recharge", "button-mobile-recharge" ]
          }, {
            "status" : "info",
            "place" : {
              "filePath" : "specs/outputSpecs/oxigenWalletHomedesktop.spec",
              "lineNumber" : 143
            },
            "name" : "aligned horizontally bottom mb_recharge_sub_container",
            "highlight" : [ "form-mobile-recharge", "mb_recharge_sub_container" ]
          }, {
            "status" : "info",
            "place" : {
              "filePath" : "specs/outputSpecs/oxigenWalletHomedesktop.spec",
              "lineNumber" : 144
            },
            "name" : "aligned horizontally all mobile",
            "highlight" : [ "form-mobile-recharge", "mobile" ]
          }, {
            "status" : "info",
            "place" : {
              "filePath" : "specs/outputSpecs/oxigenWalletHomedesktop.spec",
              "lineNumber" : 145
            },
            "name" : "aligned vertically left button-mobile-recharge",
            "highlight" : [ "form-mobile-recharge", "button-mobile-recharge" ]
          }, {
            "status" : "info",
            "place" : {
              "filePath" : "specs/outputSpecs/oxigenWalletHomedesktop.spec",
              "lineNumber" : 146
            },
            "name" : "aligned vertically all mobile",
            "highlight" : [ "form-mobile-recharge", "mobile" ]
          }, {
            "status" : "info",
            "place" : {
              "filePath" : "specs/outputSpecs/oxigenWalletHomedesktop.spec",
              "lineNumber" : 147
            },
            "name" : "aligned vertically right mobilerecharge-operator",
            "highlight" : [ "form-mobile-recharge", "mobilerecharge-operator" ]
          }, {
            "status" : "info",
            "place" : {
              "filePath" : "specs/outputSpecs/oxigenWalletHomedesktop.spec",
              "lineNumber" : 148
            },
            "name" : "right-of menu 79px",
            "highlight" : [ "form-mobile-recharge", "menu" ]
          }, {
            "status" : "info",
            "place" : {
              "filePath" : "specs/outputSpecs/oxigenWalletHomedesktop.spec",
              "lineNumber" : 149
            },
            "name" : "below menu 245px",
            "highlight" : [ "form-mobile-recharge", "menu" ]
          } ]
        } ]
      }, {
        "name" : "mb-rechrge-plans:",
        "place" : {
          "filePath" : "specs/outputSpecs/oxigenWalletHomedesktop.spec",
          "lineNumber" : 150
        },
        "objects" : [ {
          "name" : "mb-rechrge-plans",
          "specs" : [ {
            "status" : "info",
            "place" : {
              "filePath" : "specs/outputSpecs/oxigenWalletHomedesktop.spec",
              "lineNumber" : 152
            },
            "name" : "width 36.8% of button-mobile-recharge/width",
            "highlight" : [ "mb-rechrge-plans" ]
          }, {
            "status" : "error",
            "place" : {
              "filePath" : "specs/outputSpecs/oxigenWalletHomedesktop.spec",
              "lineNumber" : 153
            },
            "name" : "width 17.4% of form-mobile-recharge/width",
            "errors" : [ "\"mb-rechrge-plans\" width is 17.3% [91px] instead of 17.4% [91px]" ],
            "highlight" : [ "mb-rechrge-plans" ]
          }, {
            "status" : "error",
            "place" : {
              "filePath" : "specs/outputSpecs/oxigenWalletHomedesktop.spec",
              "lineNumber" : 154
            },
            "name" : "width 32.9% of mb_recharge_sub_container/width",
            "errors" : [ "\"mb-rechrge-plans\" width is 32.8% [91px] instead of 32.9% [91px]" ],
            "highlight" : [ "mb-rechrge-plans" ]
          }, {
            "status" : "info",
            "place" : {
              "filePath" : "specs/outputSpecs/oxigenWalletHomedesktop.spec",
              "lineNumber" : 155
            },
            "name" : "width 182% of menu/width",
            "highlight" : [ "mb-rechrge-plans" ]
          }, {
            "status" : "error",
            "place" : {
              "filePath" : "specs/outputSpecs/oxigenWalletHomedesktop.spec",
              "lineNumber" : 156
            },
            "name" : "width 17.4% of mobile/width",
            "errors" : [ "\"mb-rechrge-plans\" width is 17.3% [91px] instead of 17.4% [91px]" ],
            "highlight" : [ "mb-rechrge-plans" ]
          }, {
            "status" : "info",
            "place" : {
              "filePath" : "specs/outputSpecs/oxigenWalletHomedesktop.spec",
              "lineNumber" : 157
            },
            "name" : "width 78.4% of mobilerecharge-amount/width",
            "highlight" : [ "mb-rechrge-plans" ]
          }, {
            "status" : "info",
            "place" : {
              "filePath" : "specs/outputSpecs/oxigenWalletHomedesktop.spec",
              "lineNumber" : 158
            },
            "name" : "width 36.8% of mobilerecharge-operator/width",
            "highlight" : [ "mb-rechrge-plans" ]
          }, {
            "status" : "error",
            "place" : {
              "filePath" : "specs/outputSpecs/oxigenWalletHomedesktop.spec",
              "lineNumber" : 159
            },
            "name" : "width 44% of mobilerecharge-service_number/width",
            "errors" : [ "\"mb-rechrge-plans\" width is 43% [91px] instead of 44% [91px]" ],
            "highlight" : [ "mb-rechrge-plans" ]
          }, {
            "status" : "error",
            "place" : {
              "filePath" : "specs/outputSpecs/oxigenWalletHomedesktop.spec",
              "lineNumber" : 160
            },
            "name" : "height 103% of button-mobile-recharge/height",
            "errors" : [ "\"mb-rechrge-plans\" height is 102% [38px] instead of 103% [38px]" ],
            "highlight" : [ "mb-rechrge-plans" ]
          }, {
            "status" : "info",
            "place" : {
              "filePath" : "specs/outputSpecs/oxigenWalletHomedesktop.spec",
              "lineNumber" : 161
            },
            "name" : "height 18.5% of form-mobile-recharge/height",
            "highlight" : [ "mb-rechrge-plans" ]
          }, {
            "status" : "error",
            "place" : {
              "filePath" : "specs/outputSpecs/oxigenWalletHomedesktop.spec",
              "lineNumber" : 162
            },
            "name" : "height 103% of mb_recharge_sub_container/height",
            "errors" : [ "\"mb-rechrge-plans\" height is 102% [38px] instead of 103% [38px]" ],
            "highlight" : [ "mb-rechrge-plans" ]
          }, {
            "status" : "error",
            "place" : {
              "filePath" : "specs/outputSpecs/oxigenWalletHomedesktop.spec",
              "lineNumber" : 163
            },
            "name" : "height 73.1% of menu/height",
            "errors" : [ "\"mb-rechrge-plans\" height is 73.0% [38px] instead of 73.1% [38px]" ],
            "highlight" : [ "mb-rechrge-plans" ]
          }, {
            "status" : "info",
            "place" : {
              "filePath" : "specs/outputSpecs/oxigenWalletHomedesktop.spec",
              "lineNumber" : 164
            },
            "name" : "height 18.5% of mobile/height",
            "highlight" : [ "mb-rechrge-plans" ]
          }, {
            "status" : "info",
            "place" : {
              "filePath" : "specs/outputSpecs/oxigenWalletHomedesktop.spec",
              "lineNumber" : 165
            },
            "name" : "height 100% of mobilerecharge-amount/height",
            "highlight" : [ "mb-rechrge-plans" ]
          }, {
            "status" : "info",
            "place" : {
              "filePath" : "specs/outputSpecs/oxigenWalletHomedesktop.spec",
              "lineNumber" : 166
            },
            "name" : "height 100% of mobilerecharge-operator/height",
            "highlight" : [ "mb-rechrge-plans" ]
          }, {
            "status" : "info",
            "place" : {
              "filePath" : "specs/outputSpecs/oxigenWalletHomedesktop.spec",
              "lineNumber" : 167
            },
            "name" : "height 100% of mobilerecharge-service_number/height",
            "highlight" : [ "mb-rechrge-plans" ]
          }, {
            "status" : "info",
            "place" : {
              "filePath" : "specs/outputSpecs/oxigenWalletHomedesktop.spec",
              "lineNumber" : 168
            },
            "name" : "inside form-mobile-recharge  110px top, 155px left, 277px right, 57px bottom",
            "highlight" : [ "mb-rechrge-plans", "form-mobile-recharge" ]
          }, {
            "status" : "info",
            "place" : {
              "filePath" : "specs/outputSpecs/oxigenWalletHomedesktop.spec",
              "lineNumber" : 169
            },
            "name" : "inside mobile  110px top, 155px left, 277px right, 57px bottom",
            "highlight" : [ "mb-rechrge-plans", "mobile" ]
          }, {
            "status" : "info",
            "place" : {
              "filePath" : "specs/outputSpecs/oxigenWalletHomedesktop.spec",
              "lineNumber" : 170
            },
            "name" : "aligned horizontally all mobilerecharge-amount",
            "highlight" : [ "mb-rechrge-plans", "mobilerecharge-amount" ]
          }, {
            "status" : "info",
            "place" : {
              "filePath" : "specs/outputSpecs/oxigenWalletHomedesktop.spec",
              "lineNumber" : 171
            },
            "name" : "aligned vertically right button-mobile-recharge 1px",
            "highlight" : [ "mb-rechrge-plans", "button-mobile-recharge" ]
          }, {
            "status" : "info",
            "place" : {
              "filePath" : "specs/outputSpecs/oxigenWalletHomedesktop.spec",
              "lineNumber" : 172
            },
            "name" : "aligned vertically right mobilerecharge-service_number",
            "highlight" : [ "mb-rechrge-plans", "mobilerecharge-service_number" ]
          }, {
            "status" : "info",
            "place" : {
              "filePath" : "specs/outputSpecs/oxigenWalletHomedesktop.spec",
              "lineNumber" : 173
            },
            "name" : "left-of mobilerecharge-operator 30px",
            "highlight" : [ "mb-rechrge-plans", "mobilerecharge-operator" ]
          }, {
            "status" : "info",
            "place" : {
              "filePath" : "specs/outputSpecs/oxigenWalletHomedesktop.spec",
              "lineNumber" : 174
            },
            "name" : "right-of menu 234px",
            "highlight" : [ "mb-rechrge-plans", "menu" ]
          }, {
            "status" : "info",
            "place" : {
              "filePath" : "specs/outputSpecs/oxigenWalletHomedesktop.spec",
              "lineNumber" : 175
            },
            "name" : "right-of mobilerecharge-amount 0px",
            "highlight" : [ "mb-rechrge-plans", "mobilerecharge-amount" ]
          }, {
            "status" : "info",
            "place" : {
              "filePath" : "specs/outputSpecs/oxigenWalletHomedesktop.spec",
              "lineNumber" : 176
            },
            "name" : "above button-mobile-recharge 20px",
            "highlight" : [ "mb-rechrge-plans", "button-mobile-recharge" ]
          }, {
            "status" : "info",
            "place" : {
              "filePath" : "specs/outputSpecs/oxigenWalletHomedesktop.spec",
              "lineNumber" : 177
            },
            "name" : "above mb_recharge_sub_container 20px",
            "highlight" : [ "mb-rechrge-plans", "mb_recharge_sub_container" ]
          }, {
            "status" : "info",
            "place" : {
              "filePath" : "specs/outputSpecs/oxigenWalletHomedesktop.spec",
              "lineNumber" : 178
            },
            "name" : "below menu 355px",
            "highlight" : [ "mb-rechrge-plans", "menu" ]
          }, {
            "status" : "info",
            "place" : {
              "filePath" : "specs/outputSpecs/oxigenWalletHomedesktop.spec",
              "lineNumber" : 179
            },
            "name" : "below mobilerecharge-operator 20px",
            "highlight" : [ "mb-rechrge-plans", "mobilerecharge-operator" ]
          }, {
            "status" : "info",
            "place" : {
              "filePath" : "specs/outputSpecs/oxigenWalletHomedesktop.spec",
              "lineNumber" : 180
            },
            "name" : "below mobilerecharge-service_number 20px",
            "highlight" : [ "mb-rechrge-plans", "mobilerecharge-service_number" ]
          } ]
        } ]
      }, {
        "name" : "mb_recharge_sub_container:",
        "place" : {
          "filePath" : "specs/outputSpecs/oxigenWalletHomedesktop.spec",
          "lineNumber" : 181
        },
        "objects" : [ {
          "name" : "mb_recharge_sub_container",
          "specs" : [ {
            "status" : "info",
            "place" : {
              "filePath" : "specs/outputSpecs/oxigenWalletHomedesktop.spec",
              "lineNumber" : 183
            },
            "name" : "width 112% of button-mobile-recharge/width",
            "highlight" : [ "mb_recharge_sub_container" ]
          }, {
            "status" : "error",
            "place" : {
              "filePath" : "specs/outputSpecs/oxigenWalletHomedesktop.spec",
              "lineNumber" : 184
            },
            "name" : "width 53% of form-mobile-recharge/width",
            "errors" : [ "\"mb_recharge_sub_container\" width is 52% [277px] instead of 53% [277px]" ],
            "highlight" : [ "mb_recharge_sub_container" ]
          }, {
            "status" : "info",
            "place" : {
              "filePath" : "specs/outputSpecs/oxigenWalletHomedesktop.spec",
              "lineNumber" : 185
            },
            "name" : "width 304% of mb-rechrge-plans/width",
            "highlight" : [ "mb_recharge_sub_container" ]
          }, {
            "status" : "info",
            "place" : {
              "filePath" : "specs/outputSpecs/oxigenWalletHomedesktop.spec",
              "lineNumber" : 186
            },
            "name" : "width 554% of menu/width",
            "highlight" : [ "mb_recharge_sub_container" ]
          }, {
            "status" : "error",
            "place" : {
              "filePath" : "specs/outputSpecs/oxigenWalletHomedesktop.spec",
              "lineNumber" : 187
            },
            "name" : "width 53% of mobile/width",
            "errors" : [ "\"mb_recharge_sub_container\" width is 52% [277px] instead of 53% [277px]" ],
            "highlight" : [ "mb_recharge_sub_container" ]
          }, {
            "status" : "error",
            "place" : {
              "filePath" : "specs/outputSpecs/oxigenWalletHomedesktop.spec",
              "lineNumber" : 188
            },
            "name" : "width 239% of mobilerecharge-amount/width",
            "errors" : [ "\"mb_recharge_sub_container\" width is 238% [277px] instead of 239% [277px]" ],
            "highlight" : [ "mb_recharge_sub_container" ]
          }, {
            "status" : "info",
            "place" : {
              "filePath" : "specs/outputSpecs/oxigenWalletHomedesktop.spec",
              "lineNumber" : 189
            },
            "name" : "width 112% of mobilerecharge-operator/width",
            "highlight" : [ "mb_recharge_sub_container" ]
          }, {
            "status" : "error",
            "place" : {
              "filePath" : "specs/outputSpecs/oxigenWalletHomedesktop.spec",
              "lineNumber" : 190
            },
            "name" : "width 134% of mobilerecharge-service_number/width",
            "errors" : [ "\"mb_recharge_sub_container\" width is 133% [277px] instead of 134% [277px]" ],
            "highlight" : [ "mb_recharge_sub_container" ]
          }, {
            "status" : "info",
            "place" : {
              "filePath" : "specs/outputSpecs/oxigenWalletHomedesktop.spec",
              "lineNumber" : 191
            },
            "name" : "height 100% of button-mobile-recharge/height",
            "highlight" : [ "mb_recharge_sub_container" ]
          }, {
            "status" : "info",
            "place" : {
              "filePath" : "specs/outputSpecs/oxigenWalletHomedesktop.spec",
              "lineNumber" : 192
            },
            "name" : "height 18% of form-mobile-recharge/height",
            "highlight" : [ "mb_recharge_sub_container" ]
          }, {
            "status" : "error",
            "place" : {
              "filePath" : "specs/outputSpecs/oxigenWalletHomedesktop.spec",
              "lineNumber" : 193
            },
            "name" : "height 97.4% of mb-rechrge-plans/height",
            "errors" : [ "\"mb_recharge_sub_container\" height is 97.3% [37px] instead of 97.4% [37px]" ],
            "highlight" : [ "mb_recharge_sub_container" ]
          }, {
            "status" : "error",
            "place" : {
              "filePath" : "specs/outputSpecs/oxigenWalletHomedesktop.spec",
              "lineNumber" : 194
            },
            "name" : "height 71.2% of menu/height",
            "errors" : [ "\"mb_recharge_sub_container\" height is 71.1% [37px] instead of 71.2% [37px]" ],
            "highlight" : [ "mb_recharge_sub_container" ]
          }, {
            "status" : "info",
            "place" : {
              "filePath" : "specs/outputSpecs/oxigenWalletHomedesktop.spec",
              "lineNumber" : 195
            },
            "name" : "height 18% of mobile/height",
            "highlight" : [ "mb_recharge_sub_container" ]
          }, {
            "status" : "error",
            "place" : {
              "filePath" : "specs/outputSpecs/oxigenWalletHomedesktop.spec",
              "lineNumber" : 196
            },
            "name" : "height 97.4% of mobilerecharge-amount/height",
            "errors" : [ "\"mb_recharge_sub_container\" height is 97.3% [37px] instead of 97.4% [37px]" ],
            "highlight" : [ "mb_recharge_sub_container" ]
          }, {
            "status" : "error",
            "place" : {
              "filePath" : "specs/outputSpecs/oxigenWalletHomedesktop.spec",
              "lineNumber" : 197
            },
            "name" : "height 97.4% of mobilerecharge-operator/height",
            "errors" : [ "\"mb_recharge_sub_container\" height is 97.3% [37px] instead of 97.4% [37px]" ],
            "highlight" : [ "mb_recharge_sub_container" ]
          }, {
            "status" : "error",
            "place" : {
              "filePath" : "specs/outputSpecs/oxigenWalletHomedesktop.spec",
              "lineNumber" : 198
            },
            "name" : "height 97.4% of mobilerecharge-service_number/height",
            "errors" : [ "\"mb_recharge_sub_container\" height is 97.3% [37px] instead of 97.4% [37px]" ],
            "highlight" : [ "mb_recharge_sub_container" ]
          }, {
            "status" : "info",
            "place" : {
              "filePath" : "specs/outputSpecs/oxigenWalletHomedesktop.spec",
              "lineNumber" : 199
            },
            "name" : "inside partly form-mobile-recharge  168px top, 261px right",
            "highlight" : [ "mb_recharge_sub_container", "form-mobile-recharge" ]
          }, {
            "status" : "info",
            "place" : {
              "filePath" : "specs/outputSpecs/oxigenWalletHomedesktop.spec",
              "lineNumber" : 200
            },
            "name" : "inside partly mobile  168px top, 261px right",
            "highlight" : [ "mb_recharge_sub_container", "mobile" ]
          }, {
            "status" : "info",
            "place" : {
              "filePath" : "specs/outputSpecs/oxigenWalletHomedesktop.spec",
              "lineNumber" : 201
            },
            "name" : "aligned horizontally all button-mobile-recharge",
            "highlight" : [ "mb_recharge_sub_container", "button-mobile-recharge" ]
          }, {
            "status" : "info",
            "place" : {
              "filePath" : "specs/outputSpecs/oxigenWalletHomedesktop.spec",
              "lineNumber" : 202
            },
            "name" : "aligned horizontally bottom form-mobile-recharge",
            "highlight" : [ "mb_recharge_sub_container", "form-mobile-recharge" ]
          }, {
            "status" : "info",
            "place" : {
              "filePath" : "specs/outputSpecs/oxigenWalletHomedesktop.spec",
              "lineNumber" : 203
            },
            "name" : "aligned horizontally bottom mobile",
            "highlight" : [ "mb_recharge_sub_container", "mobile" ]
          }, {
            "status" : "info",
            "place" : {
              "filePath" : "specs/outputSpecs/oxigenWalletHomedesktop.spec",
              "lineNumber" : 204
            },
            "name" : "left-of mobilerecharge-operator 14px",
            "highlight" : [ "mb_recharge_sub_container", "mobilerecharge-operator" ]
          }, {
            "status" : "info",
            "place" : {
              "filePath" : "specs/outputSpecs/oxigenWalletHomedesktop.spec",
              "lineNumber" : 205
            },
            "name" : "right-of menu 64px",
            "highlight" : [ "mb_recharge_sub_container", "menu" ]
          }, {
            "status" : "info",
            "place" : {
              "filePath" : "specs/outputSpecs/oxigenWalletHomedesktop.spec",
              "lineNumber" : 206
            },
            "name" : "below mb-rechrge-plans 20px",
            "highlight" : [ "mb_recharge_sub_container", "mb-rechrge-plans" ]
          }, {
            "status" : "info",
            "place" : {
              "filePath" : "specs/outputSpecs/oxigenWalletHomedesktop.spec",
              "lineNumber" : 207
            },
            "name" : "below menu 413px",
            "highlight" : [ "mb_recharge_sub_container", "menu" ]
          }, {
            "status" : "info",
            "place" : {
              "filePath" : "specs/outputSpecs/oxigenWalletHomedesktop.spec",
              "lineNumber" : 208
            },
            "name" : "below mobilerecharge-amount 20px",
            "highlight" : [ "mb_recharge_sub_container", "mobilerecharge-amount" ]
          }, {
            "status" : "info",
            "place" : {
              "filePath" : "specs/outputSpecs/oxigenWalletHomedesktop.spec",
              "lineNumber" : 209
            },
            "name" : "below mobilerecharge-operator 78px",
            "highlight" : [ "mb_recharge_sub_container", "mobilerecharge-operator" ]
          }, {
            "status" : "info",
            "place" : {
              "filePath" : "specs/outputSpecs/oxigenWalletHomedesktop.spec",
              "lineNumber" : 210
            },
            "name" : "below mobilerecharge-service_number 78px",
            "highlight" : [ "mb_recharge_sub_container", "mobilerecharge-service_number" ]
          }, {
            "status" : "info",
            "place" : {
              "filePath" : "specs/outputSpecs/oxigenWalletHomedesktop.spec",
              "lineNumber" : 211
            },
            "name" : "centered horizontally on button-mobile-recharge",
            "highlight" : [ "mb_recharge_sub_container", "button-mobile-recharge" ]
          } ]
        } ]
      }, {
        "name" : "menu:",
        "place" : {
          "filePath" : "specs/outputSpecs/oxigenWalletHomedesktop.spec",
          "lineNumber" : 212
        },
        "objects" : [ {
          "name" : "menu",
          "specs" : [ {
            "status" : "info",
            "place" : {
              "filePath" : "specs/outputSpecs/oxigenWalletHomedesktop.spec",
              "lineNumber" : 214
            },
            "name" : "width 20.2% of button-mobile-recharge/width",
            "highlight" : [ "menu" ]
          }, {
            "status" : "info",
            "place" : {
              "filePath" : "specs/outputSpecs/oxigenWalletHomedesktop.spec",
              "lineNumber" : 215
            },
            "name" : "width 9.56% of form-mobile-recharge/width",
            "highlight" : [ "menu" ]
          }, {
            "status" : "info",
            "place" : {
              "filePath" : "specs/outputSpecs/oxigenWalletHomedesktop.spec",
              "lineNumber" : 216
            },
            "name" : "width 54.9% of mb-rechrge-plans/width",
            "highlight" : [ "menu" ]
          }, {
            "status" : "error",
            "place" : {
              "filePath" : "specs/outputSpecs/oxigenWalletHomedesktop.spec",
              "lineNumber" : 217
            },
            "name" : "width 18.1% of mb_recharge_sub_container/width",
            "errors" : [ "\"menu\" width is 18.0% [50px] instead of 18.1% [50px]" ],
            "highlight" : [ "menu" ]
          }, {
            "status" : "info",
            "place" : {
              "filePath" : "specs/outputSpecs/oxigenWalletHomedesktop.spec",
              "lineNumber" : 218
            },
            "name" : "width 9.56% of mobile/width",
            "highlight" : [ "menu" ]
          }, {
            "status" : "info",
            "place" : {
              "filePath" : "specs/outputSpecs/oxigenWalletHomedesktop.spec",
              "lineNumber" : 219
            },
            "name" : "width 43.1% of mobilerecharge-amount/width",
            "highlight" : [ "menu" ]
          }, {
            "status" : "info",
            "place" : {
              "filePath" : "specs/outputSpecs/oxigenWalletHomedesktop.spec",
              "lineNumber" : 220
            },
            "name" : "width 20.2% of mobilerecharge-operator/width",
            "highlight" : [ "menu" ]
          }, {
            "status" : "error",
            "place" : {
              "filePath" : "specs/outputSpecs/oxigenWalletHomedesktop.spec",
              "lineNumber" : 221
            },
            "name" : "width 24.2% of mobilerecharge-service_number/width",
            "errors" : [ "\"menu\" width is 24.1% [50px] instead of 24.2% [50px]" ],
            "highlight" : [ "menu" ]
          }, {
            "status" : "error",
            "place" : {
              "filePath" : "specs/outputSpecs/oxigenWalletHomedesktop.spec",
              "lineNumber" : 222
            },
            "name" : "height 141% of button-mobile-recharge/height",
            "errors" : [ "\"menu\" height is 140% [52px] instead of 141% [52px]" ],
            "highlight" : [ "menu" ]
          }, {
            "status" : "error",
            "place" : {
              "filePath" : "specs/outputSpecs/oxigenWalletHomedesktop.spec",
              "lineNumber" : 223
            },
            "name" : "height 25.4% of form-mobile-recharge/height",
            "errors" : [ "\"menu\" height is 25.3% [52px] instead of 25.4% [52px]" ],
            "highlight" : [ "menu" ]
          }, {
            "status" : "error",
            "place" : {
              "filePath" : "specs/outputSpecs/oxigenWalletHomedesktop.spec",
              "lineNumber" : 224
            },
            "name" : "height 137% of mb-rechrge-plans/height",
            "errors" : [ "\"menu\" height is 136% [52px] instead of 137% [52px]" ],
            "highlight" : [ "menu" ]
          }, {
            "status" : "error",
            "place" : {
              "filePath" : "specs/outputSpecs/oxigenWalletHomedesktop.spec",
              "lineNumber" : 225
            },
            "name" : "height 141% of mb_recharge_sub_container/height",
            "errors" : [ "\"menu\" height is 140% [52px] instead of 141% [52px]" ],
            "highlight" : [ "menu" ]
          }, {
            "status" : "error",
            "place" : {
              "filePath" : "specs/outputSpecs/oxigenWalletHomedesktop.spec",
              "lineNumber" : 226
            },
            "name" : "height 25.4% of mobile/height",
            "errors" : [ "\"menu\" height is 25.3% [52px] instead of 25.4% [52px]" ],
            "highlight" : [ "menu" ]
          }, {
            "status" : "error",
            "place" : {
              "filePath" : "specs/outputSpecs/oxigenWalletHomedesktop.spec",
              "lineNumber" : 227
            },
            "name" : "height 137% of mobilerecharge-amount/height",
            "errors" : [ "\"menu\" height is 136% [52px] instead of 137% [52px]" ],
            "highlight" : [ "menu" ]
          }, {
            "status" : "error",
            "place" : {
              "filePath" : "specs/outputSpecs/oxigenWalletHomedesktop.spec",
              "lineNumber" : 228
            },
            "name" : "height 137% of mobilerecharge-operator/height",
            "errors" : [ "\"menu\" height is 136% [52px] instead of 137% [52px]" ],
            "highlight" : [ "menu" ]
          }, {
            "status" : "error",
            "place" : {
              "filePath" : "specs/outputSpecs/oxigenWalletHomedesktop.spec",
              "lineNumber" : 229
            },
            "name" : "height 137% of mobilerecharge-service_number/height",
            "errors" : [ "\"menu\" height is 136% [52px] instead of 137% [52px]" ],
            "highlight" : [ "menu" ]
          }, {
            "status" : "info",
            "place" : {
              "filePath" : "specs/outputSpecs/oxigenWalletHomedesktop.spec",
              "lineNumber" : 230
            },
            "name" : "left-of button-mobile-recharge 79px",
            "highlight" : [ "menu", "button-mobile-recharge" ]
          }, {
            "status" : "info",
            "place" : {
              "filePath" : "specs/outputSpecs/oxigenWalletHomedesktop.spec",
              "lineNumber" : 231
            },
            "name" : "left-of form-mobile-recharge 79px",
            "highlight" : [ "menu", "form-mobile-recharge" ]
          }, {
            "status" : "info",
            "place" : {
              "filePath" : "specs/outputSpecs/oxigenWalletHomedesktop.spec",
              "lineNumber" : 232
            },
            "name" : "left-of mb-rechrge-plans 234px",
            "highlight" : [ "menu", "mb-rechrge-plans" ]
          }, {
            "status" : "info",
            "place" : {
              "filePath" : "specs/outputSpecs/oxigenWalletHomedesktop.spec",
              "lineNumber" : 233
            },
            "name" : "left-of mb_recharge_sub_container 64px",
            "highlight" : [ "menu", "mb_recharge_sub_container" ]
          }, {
            "status" : "info",
            "place" : {
              "filePath" : "specs/outputSpecs/oxigenWalletHomedesktop.spec",
              "lineNumber" : 234
            },
            "name" : "left-of mobile 79px",
            "highlight" : [ "menu", "mobile" ]
          }, {
            "status" : "info",
            "place" : {
              "filePath" : "specs/outputSpecs/oxigenWalletHomedesktop.spec",
              "lineNumber" : 235
            },
            "name" : "left-of mobilerecharge-amount 118px",
            "highlight" : [ "menu", "mobilerecharge-amount" ]
          }, {
            "status" : "info",
            "place" : {
              "filePath" : "specs/outputSpecs/oxigenWalletHomedesktop.spec",
              "lineNumber" : 236
            },
            "name" : "left-of mobilerecharge-operator 355px",
            "highlight" : [ "menu", "mobilerecharge-operator" ]
          }, {
            "status" : "info",
            "place" : {
              "filePath" : "specs/outputSpecs/oxigenWalletHomedesktop.spec",
              "lineNumber" : 237
            },
            "name" : "left-of mobilerecharge-service_number 118px",
            "highlight" : [ "menu", "mobilerecharge-service_number" ]
          }, {
            "status" : "info",
            "place" : {
              "filePath" : "specs/outputSpecs/oxigenWalletHomedesktop.spec",
              "lineNumber" : 238
            },
            "name" : "above button-mobile-recharge 413px",
            "highlight" : [ "menu", "button-mobile-recharge" ]
          }, {
            "status" : "info",
            "place" : {
              "filePath" : "specs/outputSpecs/oxigenWalletHomedesktop.spec",
              "lineNumber" : 239
            },
            "name" : "above form-mobile-recharge 245px",
            "highlight" : [ "menu", "form-mobile-recharge" ]
          }, {
            "status" : "info",
            "place" : {
              "filePath" : "specs/outputSpecs/oxigenWalletHomedesktop.spec",
              "lineNumber" : 240
            },
            "name" : "above mb-rechrge-plans 355px",
            "highlight" : [ "menu", "mb-rechrge-plans" ]
          }, {
            "status" : "info",
            "place" : {
              "filePath" : "specs/outputSpecs/oxigenWalletHomedesktop.spec",
              "lineNumber" : 241
            },
            "name" : "above mb_recharge_sub_container 413px",
            "highlight" : [ "menu", "mb_recharge_sub_container" ]
          }, {
            "status" : "info",
            "place" : {
              "filePath" : "specs/outputSpecs/oxigenWalletHomedesktop.spec",
              "lineNumber" : 242
            },
            "name" : "above mobile 245px",
            "highlight" : [ "menu", "mobile" ]
          }, {
            "status" : "info",
            "place" : {
              "filePath" : "specs/outputSpecs/oxigenWalletHomedesktop.spec",
              "lineNumber" : 243
            },
            "name" : "above mobilerecharge-amount 355px",
            "highlight" : [ "menu", "mobilerecharge-amount" ]
          }, {
            "status" : "info",
            "place" : {
              "filePath" : "specs/outputSpecs/oxigenWalletHomedesktop.spec",
              "lineNumber" : 244
            },
            "name" : "above mobilerecharge-operator 297px",
            "highlight" : [ "menu", "mobilerecharge-operator" ]
          }, {
            "status" : "info",
            "place" : {
              "filePath" : "specs/outputSpecs/oxigenWalletHomedesktop.spec",
              "lineNumber" : 245
            },
            "name" : "above mobilerecharge-service_number 297px",
            "highlight" : [ "menu", "mobilerecharge-service_number" ]
          } ]
        } ]
      }, {
        "name" : "mobile:",
        "place" : {
          "filePath" : "specs/outputSpecs/oxigenWalletHomedesktop.spec",
          "lineNumber" : 246
        },
        "objects" : [ {
          "name" : "mobile",
          "specs" : [ {
            "status" : "error",
            "place" : {
              "filePath" : "specs/outputSpecs/oxigenWalletHomedesktop.spec",
              "lineNumber" : 248
            },
            "name" : "width 212% of button-mobile-recharge/width",
            "errors" : [ "\"mobile\" width is 211% [523px] instead of 212% [523px]" ],
            "highlight" : [ "mobile" ]
          }, {
            "status" : "info",
            "place" : {
              "filePath" : "specs/outputSpecs/oxigenWalletHomedesktop.spec",
              "lineNumber" : 249
            },
            "name" : "width 100% of form-mobile-recharge/width",
            "highlight" : [ "mobile" ]
          }, {
            "status" : "error",
            "place" : {
              "filePath" : "specs/outputSpecs/oxigenWalletHomedesktop.spec",
              "lineNumber" : 250
            },
            "name" : "width 575% of mb-rechrge-plans/width",
            "errors" : [ "\"mobile\" width is 574% [523px] instead of 575% [523px]" ],
            "highlight" : [ "mobile" ]
          }, {
            "status" : "error",
            "place" : {
              "filePath" : "specs/outputSpecs/oxigenWalletHomedesktop.spec",
              "lineNumber" : 251
            },
            "name" : "width 189% of mb_recharge_sub_container/width",
            "errors" : [ "\"mobile\" width is 188% [523px] instead of 189% [523px]" ],
            "highlight" : [ "mobile" ]
          }, {
            "status" : "error",
            "place" : {
              "filePath" : "specs/outputSpecs/oxigenWalletHomedesktop.spec",
              "lineNumber" : 252
            },
            "name" : "width 1050% of menu/width",
            "errors" : [ "\"mobile\" width is 1046% [523px] instead of 1050% [525px]" ],
            "highlight" : [ "mobile" ]
          }, {
            "status" : "error",
            "place" : {
              "filePath" : "specs/outputSpecs/oxigenWalletHomedesktop.spec",
              "lineNumber" : 253
            },
            "name" : "width 451% of mobilerecharge-amount/width",
            "errors" : [ "\"mobile\" width is 450% [523px] instead of 451% [523px]" ],
            "highlight" : [ "mobile" ]
          }, {
            "status" : "error",
            "place" : {
              "filePath" : "specs/outputSpecs/oxigenWalletHomedesktop.spec",
              "lineNumber" : 254
            },
            "name" : "width 212% of mobilerecharge-operator/width",
            "errors" : [ "\"mobile\" width is 211% [523px] instead of 212% [523px]" ],
            "highlight" : [ "mobile" ]
          }, {
            "status" : "error",
            "place" : {
              "filePath" : "specs/outputSpecs/oxigenWalletHomedesktop.spec",
              "lineNumber" : 255
            },
            "name" : "width 253% of mobilerecharge-service_number/width",
            "errors" : [ "\"mobile\" width is 252% [523px] instead of 253% [523px]" ],
            "highlight" : [ "mobile" ]
          }, {
            "status" : "info",
            "place" : {
              "filePath" : "specs/outputSpecs/oxigenWalletHomedesktop.spec",
              "lineNumber" : 256
            },
            "name" : "height 554% of button-mobile-recharge/height",
            "highlight" : [ "mobile" ]
          }, {
            "status" : "info",
            "place" : {
              "filePath" : "specs/outputSpecs/oxigenWalletHomedesktop.spec",
              "lineNumber" : 257
            },
            "name" : "height 100% of form-mobile-recharge/height",
            "highlight" : [ "mobile" ]
          }, {
            "status" : "info",
            "place" : {
              "filePath" : "specs/outputSpecs/oxigenWalletHomedesktop.spec",
              "lineNumber" : 258
            },
            "name" : "height 539% of mb-rechrge-plans/height",
            "highlight" : [ "mobile" ]
          }, {
            "status" : "info",
            "place" : {
              "filePath" : "specs/outputSpecs/oxigenWalletHomedesktop.spec",
              "lineNumber" : 259
            },
            "name" : "height 554% of mb_recharge_sub_container/height",
            "highlight" : [ "mobile" ]
          }, {
            "status" : "info",
            "place" : {
              "filePath" : "specs/outputSpecs/oxigenWalletHomedesktop.spec",
              "lineNumber" : 260
            },
            "name" : "height 394% of menu/height",
            "highlight" : [ "mobile" ]
          }, {
            "status" : "info",
            "place" : {
              "filePath" : "specs/outputSpecs/oxigenWalletHomedesktop.spec",
              "lineNumber" : 261
            },
            "name" : "height 539% of mobilerecharge-amount/height",
            "highlight" : [ "mobile" ]
          }, {
            "status" : "info",
            "place" : {
              "filePath" : "specs/outputSpecs/oxigenWalletHomedesktop.spec",
              "lineNumber" : 262
            },
            "name" : "height 539% of mobilerecharge-operator/height",
            "highlight" : [ "mobile" ]
          }, {
            "status" : "info",
            "place" : {
              "filePath" : "specs/outputSpecs/oxigenWalletHomedesktop.spec",
              "lineNumber" : 263
            },
            "name" : "height 539% of mobilerecharge-service_number/height",
            "highlight" : [ "mobile" ]
          }, {
            "status" : "info",
            "place" : {
              "filePath" : "specs/outputSpecs/oxigenWalletHomedesktop.spec",
              "lineNumber" : 264
            },
            "name" : "inside partly form-mobile-recharge",
            "highlight" : [ "mobile", "form-mobile-recharge" ]
          }, {
            "status" : "info",
            "place" : {
              "filePath" : "specs/outputSpecs/oxigenWalletHomedesktop.spec",
              "lineNumber" : 265
            },
            "name" : "aligned horizontally bottom button-mobile-recharge",
            "highlight" : [ "mobile", "button-mobile-recharge" ]
          }, {
            "status" : "info",
            "place" : {
              "filePath" : "specs/outputSpecs/oxigenWalletHomedesktop.spec",
              "lineNumber" : 266
            },
            "name" : "aligned horizontally all form-mobile-recharge",
            "highlight" : [ "mobile", "form-mobile-recharge" ]
          }, {
            "status" : "info",
            "place" : {
              "filePath" : "specs/outputSpecs/oxigenWalletHomedesktop.spec",
              "lineNumber" : 267
            },
            "name" : "aligned horizontally bottom mb_recharge_sub_container",
            "highlight" : [ "mobile", "mb_recharge_sub_container" ]
          }, {
            "status" : "info",
            "place" : {
              "filePath" : "specs/outputSpecs/oxigenWalletHomedesktop.spec",
              "lineNumber" : 268
            },
            "name" : "aligned vertically left button-mobile-recharge",
            "highlight" : [ "mobile", "button-mobile-recharge" ]
          }, {
            "status" : "info",
            "place" : {
              "filePath" : "specs/outputSpecs/oxigenWalletHomedesktop.spec",
              "lineNumber" : 269
            },
            "name" : "aligned vertically all form-mobile-recharge",
            "highlight" : [ "mobile", "form-mobile-recharge" ]
          }, {
            "status" : "info",
            "place" : {
              "filePath" : "specs/outputSpecs/oxigenWalletHomedesktop.spec",
              "lineNumber" : 270
            },
            "name" : "aligned vertically right mobilerecharge-operator",
            "highlight" : [ "mobile", "mobilerecharge-operator" ]
          }, {
            "status" : "info",
            "place" : {
              "filePath" : "specs/outputSpecs/oxigenWalletHomedesktop.spec",
              "lineNumber" : 271
            },
            "name" : "right-of menu 79px",
            "highlight" : [ "mobile", "menu" ]
          }, {
            "status" : "info",
            "place" : {
              "filePath" : "specs/outputSpecs/oxigenWalletHomedesktop.spec",
              "lineNumber" : 272
            },
            "name" : "below menu 245px",
            "highlight" : [ "mobile", "menu" ]
          } ]
        } ]
      }, {
        "name" : "mobilerecharge-amount:",
        "place" : {
          "filePath" : "specs/outputSpecs/oxigenWalletHomedesktop.spec",
          "lineNumber" : 273
        },
        "objects" : [ {
          "name" : "mobilerecharge-amount",
          "specs" : [ {
            "status" : "error",
            "place" : {
              "filePath" : "specs/outputSpecs/oxigenWalletHomedesktop.spec",
              "lineNumber" : 275
            },
            "name" : "width 47% of button-mobile-recharge/width",
            "errors" : [ "\"mobilerecharge-amount\" width is 46% [116px] instead of 47% [116px]" ],
            "highlight" : [ "mobilerecharge-amount" ]
          }, {
            "status" : "error",
            "place" : {
              "filePath" : "specs/outputSpecs/oxigenWalletHomedesktop.spec",
              "lineNumber" : 276
            },
            "name" : "width 22.2% of form-mobile-recharge/width",
            "errors" : [ "\"mobilerecharge-amount\" width is 22.1% [116px] instead of 22.2% [116px]" ],
            "highlight" : [ "mobilerecharge-amount" ]
          }, {
            "status" : "info",
            "place" : {
              "filePath" : "specs/outputSpecs/oxigenWalletHomedesktop.spec",
              "lineNumber" : 277
            },
            "name" : "width 127% of mb-rechrge-plans/width",
            "highlight" : [ "mobilerecharge-amount" ]
          }, {
            "status" : "error",
            "place" : {
              "filePath" : "specs/outputSpecs/oxigenWalletHomedesktop.spec",
              "lineNumber" : 278
            },
            "name" : "width 41.9% of mb_recharge_sub_container/width",
            "errors" : [ "\"mobilerecharge-amount\" width is 41.8% [116px] instead of 41.9% [116px]" ],
            "highlight" : [ "mobilerecharge-amount" ]
          }, {
            "status" : "error",
            "place" : {
              "filePath" : "specs/outputSpecs/oxigenWalletHomedesktop.spec",
              "lineNumber" : 279
            },
            "name" : "width 232% of menu/width",
            "errors" : [ "\"mobilerecharge-amount\" width is 231% [116px] instead of 232% [116px]" ],
            "highlight" : [ "mobilerecharge-amount" ]
          }, {
            "status" : "error",
            "place" : {
              "filePath" : "specs/outputSpecs/oxigenWalletHomedesktop.spec",
              "lineNumber" : 280
            },
            "name" : "width 22.2% of mobile/width",
            "errors" : [ "\"mobilerecharge-amount\" width is 22.1% [116px] instead of 22.2% [116px]" ],
            "highlight" : [ "mobilerecharge-amount" ]
          }, {
            "status" : "error",
            "place" : {
              "filePath" : "specs/outputSpecs/oxigenWalletHomedesktop.spec",
              "lineNumber" : 281
            },
            "name" : "width 47% of mobilerecharge-operator/width",
            "errors" : [ "\"mobilerecharge-amount\" width is 46% [116px] instead of 47% [116px]" ],
            "highlight" : [ "mobilerecharge-amount" ]
          }, {
            "status" : "info",
            "place" : {
              "filePath" : "specs/outputSpecs/oxigenWalletHomedesktop.spec",
              "lineNumber" : 282
            },
            "name" : "width 56% of mobilerecharge-service_number/width",
            "highlight" : [ "mobilerecharge-amount" ]
          }, {
            "status" : "error",
            "place" : {
              "filePath" : "specs/outputSpecs/oxigenWalletHomedesktop.spec",
              "lineNumber" : 283
            },
            "name" : "height 103% of button-mobile-recharge/height",
            "errors" : [ "\"mobilerecharge-amount\" height is 102% [38px] instead of 103% [38px]" ],
            "highlight" : [ "mobilerecharge-amount" ]
          }, {
            "status" : "info",
            "place" : {
              "filePath" : "specs/outputSpecs/oxigenWalletHomedesktop.spec",
              "lineNumber" : 284
            },
            "name" : "height 18.5% of form-mobile-recharge/height",
            "highlight" : [ "mobilerecharge-amount" ]
          }, {
            "status" : "info",
            "place" : {
              "filePath" : "specs/outputSpecs/oxigenWalletHomedesktop.spec",
              "lineNumber" : 285
            },
            "name" : "height 100% of mb-rechrge-plans/height",
            "highlight" : [ "mobilerecharge-amount" ]
          }, {
            "status" : "error",
            "place" : {
              "filePath" : "specs/outputSpecs/oxigenWalletHomedesktop.spec",
              "lineNumber" : 286
            },
            "name" : "height 103% of mb_recharge_sub_container/height",
            "errors" : [ "\"mobilerecharge-amount\" height is 102% [38px] instead of 103% [38px]" ],
            "highlight" : [ "mobilerecharge-amount" ]
          }, {
            "status" : "error",
            "place" : {
              "filePath" : "specs/outputSpecs/oxigenWalletHomedesktop.spec",
              "lineNumber" : 287
            },
            "name" : "height 73.1% of menu/height",
            "errors" : [ "\"mobilerecharge-amount\" height is 73.0% [38px] instead of 73.1% [38px]" ],
            "highlight" : [ "mobilerecharge-amount" ]
          }, {
            "status" : "info",
            "place" : {
              "filePath" : "specs/outputSpecs/oxigenWalletHomedesktop.spec",
              "lineNumber" : 288
            },
            "name" : "height 18.5% of mobile/height",
            "highlight" : [ "mobilerecharge-amount" ]
          }, {
            "status" : "info",
            "place" : {
              "filePath" : "specs/outputSpecs/oxigenWalletHomedesktop.spec",
              "lineNumber" : 289
            },
            "name" : "height 100% of mobilerecharge-operator/height",
            "highlight" : [ "mobilerecharge-amount" ]
          }, {
            "status" : "info",
            "place" : {
              "filePath" : "specs/outputSpecs/oxigenWalletHomedesktop.spec",
              "lineNumber" : 290
            },
            "name" : "height 100% of mobilerecharge-service_number/height",
            "highlight" : [ "mobilerecharge-amount" ]
          }, {
            "status" : "info",
            "place" : {
              "filePath" : "specs/outputSpecs/oxigenWalletHomedesktop.spec",
              "lineNumber" : 291
            },
            "name" : "inside form-mobile-recharge  110px top, 39px left, 368px right, 57px bottom",
            "highlight" : [ "mobilerecharge-amount", "form-mobile-recharge" ]
          }, {
            "status" : "info",
            "place" : {
              "filePath" : "specs/outputSpecs/oxigenWalletHomedesktop.spec",
              "lineNumber" : 292
            },
            "name" : "inside mobile  110px top, 39px left, 368px right, 57px bottom",
            "highlight" : [ "mobilerecharge-amount", "mobile" ]
          }, {
            "status" : "info",
            "place" : {
              "filePath" : "specs/outputSpecs/oxigenWalletHomedesktop.spec",
              "lineNumber" : 293
            },
            "name" : "inside partly mb-rechrge-plans  91px right",
            "highlight" : [ "mobilerecharge-amount", "mb-rechrge-plans" ]
          }, {
            "status" : "info",
            "place" : {
              "filePath" : "specs/outputSpecs/oxigenWalletHomedesktop.spec",
              "lineNumber" : 294
            },
            "name" : "aligned horizontally all mb-rechrge-plans",
            "highlight" : [ "mobilerecharge-amount", "mb-rechrge-plans" ]
          }, {
            "status" : "info",
            "place" : {
              "filePath" : "specs/outputSpecs/oxigenWalletHomedesktop.spec",
              "lineNumber" : 295
            },
            "name" : "aligned vertically left mobilerecharge-service_number",
            "highlight" : [ "mobilerecharge-amount", "mobilerecharge-service_number" ]
          }, {
            "status" : "info",
            "place" : {
              "filePath" : "specs/outputSpecs/oxigenWalletHomedesktop.spec",
              "lineNumber" : 296
            },
            "name" : "left-of mb-rechrge-plans 0px",
            "highlight" : [ "mobilerecharge-amount", "mb-rechrge-plans" ]
          }, {
            "status" : "info",
            "place" : {
              "filePath" : "specs/outputSpecs/oxigenWalletHomedesktop.spec",
              "lineNumber" : 297
            },
            "name" : "left-of mobilerecharge-operator 121px",
            "highlight" : [ "mobilerecharge-amount", "mobilerecharge-operator" ]
          }, {
            "status" : "info",
            "place" : {
              "filePath" : "specs/outputSpecs/oxigenWalletHomedesktop.spec",
              "lineNumber" : 298
            },
            "name" : "right-of menu 118px",
            "highlight" : [ "mobilerecharge-amount", "menu" ]
          }, {
            "status" : "info",
            "place" : {
              "filePath" : "specs/outputSpecs/oxigenWalletHomedesktop.spec",
              "lineNumber" : 299
            },
            "name" : "above button-mobile-recharge 20px",
            "highlight" : [ "mobilerecharge-amount", "button-mobile-recharge" ]
          }, {
            "status" : "info",
            "place" : {
              "filePath" : "specs/outputSpecs/oxigenWalletHomedesktop.spec",
              "lineNumber" : 300
            },
            "name" : "above mb_recharge_sub_container 20px",
            "highlight" : [ "mobilerecharge-amount", "mb_recharge_sub_container" ]
          }, {
            "status" : "info",
            "place" : {
              "filePath" : "specs/outputSpecs/oxigenWalletHomedesktop.spec",
              "lineNumber" : 301
            },
            "name" : "below menu 355px",
            "highlight" : [ "mobilerecharge-amount", "menu" ]
          }, {
            "status" : "info",
            "place" : {
              "filePath" : "specs/outputSpecs/oxigenWalletHomedesktop.spec",
              "lineNumber" : 302
            },
            "name" : "below mobilerecharge-operator 20px",
            "highlight" : [ "mobilerecharge-amount", "mobilerecharge-operator" ]
          }, {
            "status" : "info",
            "place" : {
              "filePath" : "specs/outputSpecs/oxigenWalletHomedesktop.spec",
              "lineNumber" : 303
            },
            "name" : "below mobilerecharge-service_number 20px",
            "highlight" : [ "mobilerecharge-amount", "mobilerecharge-service_number" ]
          } ]
        } ]
      }, {
        "name" : "mobilerecharge-operator:",
        "place" : {
          "filePath" : "specs/outputSpecs/oxigenWalletHomedesktop.spec",
          "lineNumber" : 304
        },
        "objects" : [ {
          "name" : "mobilerecharge-operator",
          "specs" : [ {
            "status" : "info",
            "place" : {
              "filePath" : "specs/outputSpecs/oxigenWalletHomedesktop.spec",
              "lineNumber" : 306
            },
            "name" : "width 100% of button-mobile-recharge/width",
            "highlight" : [ "mobilerecharge-operator" ]
          }, {
            "status" : "info",
            "place" : {
              "filePath" : "specs/outputSpecs/oxigenWalletHomedesktop.spec",
              "lineNumber" : 307
            },
            "name" : "width 47.2% of form-mobile-recharge/width",
            "highlight" : [ "mobilerecharge-operator" ]
          }, {
            "status" : "info",
            "place" : {
              "filePath" : "specs/outputSpecs/oxigenWalletHomedesktop.spec",
              "lineNumber" : 308
            },
            "name" : "width 271% of mb-rechrge-plans/width",
            "highlight" : [ "mobilerecharge-operator" ]
          }, {
            "status" : "error",
            "place" : {
              "filePath" : "specs/outputSpecs/oxigenWalletHomedesktop.spec",
              "lineNumber" : 309
            },
            "name" : "width 89.2% of mb_recharge_sub_container/width",
            "errors" : [ "\"mobilerecharge-operator\" width is 89.1% [247px] instead of 89.2% [247px]" ],
            "highlight" : [ "mobilerecharge-operator" ]
          }, {
            "status" : "info",
            "place" : {
              "filePath" : "specs/outputSpecs/oxigenWalletHomedesktop.spec",
              "lineNumber" : 310
            },
            "name" : "width 494% of menu/width",
            "highlight" : [ "mobilerecharge-operator" ]
          }, {
            "status" : "info",
            "place" : {
              "filePath" : "specs/outputSpecs/oxigenWalletHomedesktop.spec",
              "lineNumber" : 311
            },
            "name" : "width 47.2% of mobile/width",
            "highlight" : [ "mobilerecharge-operator" ]
          }, {
            "status" : "error",
            "place" : {
              "filePath" : "specs/outputSpecs/oxigenWalletHomedesktop.spec",
              "lineNumber" : 312
            },
            "name" : "width 213% of mobilerecharge-amount/width",
            "errors" : [ "\"mobilerecharge-operator\" width is 212% [247px] instead of 213% [247px]" ],
            "highlight" : [ "mobilerecharge-operator" ]
          }, {
            "status" : "info",
            "place" : {
              "filePath" : "specs/outputSpecs/oxigenWalletHomedesktop.spec",
              "lineNumber" : 313
            },
            "name" : "width 119% of mobilerecharge-service_number/width",
            "highlight" : [ "mobilerecharge-operator" ]
          }, {
            "status" : "error",
            "place" : {
              "filePath" : "specs/outputSpecs/oxigenWalletHomedesktop.spec",
              "lineNumber" : 314
            },
            "name" : "height 103% of button-mobile-recharge/height",
            "errors" : [ "\"mobilerecharge-operator\" height is 102% [38px] instead of 103% [38px]" ],
            "highlight" : [ "mobilerecharge-operator" ]
          }, {
            "status" : "info",
            "place" : {
              "filePath" : "specs/outputSpecs/oxigenWalletHomedesktop.spec",
              "lineNumber" : 315
            },
            "name" : "height 18.5% of form-mobile-recharge/height",
            "highlight" : [ "mobilerecharge-operator" ]
          }, {
            "status" : "info",
            "place" : {
              "filePath" : "specs/outputSpecs/oxigenWalletHomedesktop.spec",
              "lineNumber" : 316
            },
            "name" : "height 100% of mb-rechrge-plans/height",
            "highlight" : [ "mobilerecharge-operator" ]
          }, {
            "status" : "error",
            "place" : {
              "filePath" : "specs/outputSpecs/oxigenWalletHomedesktop.spec",
              "lineNumber" : 317
            },
            "name" : "height 103% of mb_recharge_sub_container/height",
            "errors" : [ "\"mobilerecharge-operator\" height is 102% [38px] instead of 103% [38px]" ],
            "highlight" : [ "mobilerecharge-operator" ]
          }, {
            "status" : "error",
            "place" : {
              "filePath" : "specs/outputSpecs/oxigenWalletHomedesktop.spec",
              "lineNumber" : 318
            },
            "name" : "height 73.1% of menu/height",
            "errors" : [ "\"mobilerecharge-operator\" height is 73.0% [38px] instead of 73.1% [38px]" ],
            "highlight" : [ "mobilerecharge-operator" ]
          }, {
            "status" : "info",
            "place" : {
              "filePath" : "specs/outputSpecs/oxigenWalletHomedesktop.spec",
              "lineNumber" : 319
            },
            "name" : "height 18.5% of mobile/height",
            "highlight" : [ "mobilerecharge-operator" ]
          }, {
            "status" : "info",
            "place" : {
              "filePath" : "specs/outputSpecs/oxigenWalletHomedesktop.spec",
              "lineNumber" : 320
            },
            "name" : "height 100% of mobilerecharge-amount/height",
            "highlight" : [ "mobilerecharge-operator" ]
          }, {
            "status" : "info",
            "place" : {
              "filePath" : "specs/outputSpecs/oxigenWalletHomedesktop.spec",
              "lineNumber" : 321
            },
            "name" : "height 100% of mobilerecharge-service_number/height",
            "highlight" : [ "mobilerecharge-operator" ]
          }, {
            "status" : "info",
            "place" : {
              "filePath" : "specs/outputSpecs/oxigenWalletHomedesktop.spec",
              "lineNumber" : 322
            },
            "name" : "inside partly form-mobile-recharge  52px top, 276px left, 115px bottom",
            "highlight" : [ "mobilerecharge-operator", "form-mobile-recharge" ]
          }, {
            "status" : "info",
            "place" : {
              "filePath" : "specs/outputSpecs/oxigenWalletHomedesktop.spec",
              "lineNumber" : 323
            },
            "name" : "inside partly mobile  52px top, 276px left, 115px bottom",
            "highlight" : [ "mobilerecharge-operator", "mobile" ]
          }, {
            "status" : "info",
            "place" : {
              "filePath" : "specs/outputSpecs/oxigenWalletHomedesktop.spec",
              "lineNumber" : 324
            },
            "name" : "aligned horizontally all mobilerecharge-service_number",
            "highlight" : [ "mobilerecharge-operator", "mobilerecharge-service_number" ]
          }, {
            "status" : "info",
            "place" : {
              "filePath" : "specs/outputSpecs/oxigenWalletHomedesktop.spec",
              "lineNumber" : 325
            },
            "name" : "aligned vertically right form-mobile-recharge",
            "highlight" : [ "mobilerecharge-operator", "form-mobile-recharge" ]
          }, {
            "status" : "info",
            "place" : {
              "filePath" : "specs/outputSpecs/oxigenWalletHomedesktop.spec",
              "lineNumber" : 326
            },
            "name" : "aligned vertically right mobile",
            "highlight" : [ "mobilerecharge-operator", "mobile" ]
          }, {
            "status" : "info",
            "place" : {
              "filePath" : "specs/outputSpecs/oxigenWalletHomedesktop.spec",
              "lineNumber" : 327
            },
            "name" : "right-of button-mobile-recharge 29px",
            "highlight" : [ "mobilerecharge-operator", "button-mobile-recharge" ]
          }, {
            "status" : "info",
            "place" : {
              "filePath" : "specs/outputSpecs/oxigenWalletHomedesktop.spec",
              "lineNumber" : 328
            },
            "name" : "right-of mb-rechrge-plans 30px",
            "highlight" : [ "mobilerecharge-operator", "mb-rechrge-plans" ]
          }, {
            "status" : "info",
            "place" : {
              "filePath" : "specs/outputSpecs/oxigenWalletHomedesktop.spec",
              "lineNumber" : 329
            },
            "name" : "right-of mb_recharge_sub_container 14px",
            "highlight" : [ "mobilerecharge-operator", "mb_recharge_sub_container" ]
          }, {
            "status" : "info",
            "place" : {
              "filePath" : "specs/outputSpecs/oxigenWalletHomedesktop.spec",
              "lineNumber" : 330
            },
            "name" : "right-of menu 355px",
            "highlight" : [ "mobilerecharge-operator", "menu" ]
          }, {
            "status" : "info",
            "place" : {
              "filePath" : "specs/outputSpecs/oxigenWalletHomedesktop.spec",
              "lineNumber" : 331
            },
            "name" : "right-of mobilerecharge-amount 121px",
            "highlight" : [ "mobilerecharge-operator", "mobilerecharge-amount" ]
          }, {
            "status" : "info",
            "place" : {
              "filePath" : "specs/outputSpecs/oxigenWalletHomedesktop.spec",
              "lineNumber" : 332
            },
            "name" : "right-of mobilerecharge-service_number 30px",
            "highlight" : [ "mobilerecharge-operator", "mobilerecharge-service_number" ]
          }, {
            "status" : "info",
            "place" : {
              "filePath" : "specs/outputSpecs/oxigenWalletHomedesktop.spec",
              "lineNumber" : 333
            },
            "name" : "above button-mobile-recharge 78px",
            "highlight" : [ "mobilerecharge-operator", "button-mobile-recharge" ]
          }, {
            "status" : "info",
            "place" : {
              "filePath" : "specs/outputSpecs/oxigenWalletHomedesktop.spec",
              "lineNumber" : 334
            },
            "name" : "above mb-rechrge-plans 20px",
            "highlight" : [ "mobilerecharge-operator", "mb-rechrge-plans" ]
          }, {
            "status" : "info",
            "place" : {
              "filePath" : "specs/outputSpecs/oxigenWalletHomedesktop.spec",
              "lineNumber" : 335
            },
            "name" : "above mb_recharge_sub_container 78px",
            "highlight" : [ "mobilerecharge-operator", "mb_recharge_sub_container" ]
          }, {
            "status" : "info",
            "place" : {
              "filePath" : "specs/outputSpecs/oxigenWalletHomedesktop.spec",
              "lineNumber" : 336
            },
            "name" : "above mobilerecharge-amount 20px",
            "highlight" : [ "mobilerecharge-operator", "mobilerecharge-amount" ]
          }, {
            "status" : "info",
            "place" : {
              "filePath" : "specs/outputSpecs/oxigenWalletHomedesktop.spec",
              "lineNumber" : 337
            },
            "name" : "below menu 297px",
            "highlight" : [ "mobilerecharge-operator", "menu" ]
          } ]
        } ]
      }, {
        "name" : "mobilerecharge-service_number:",
        "place" : {
          "filePath" : "specs/outputSpecs/oxigenWalletHomedesktop.spec",
          "lineNumber" : 338
        },
        "objects" : [ {
          "name" : "mobilerecharge-service_number",
          "specs" : [ {
            "status" : "info",
            "place" : {
              "filePath" : "specs/outputSpecs/oxigenWalletHomedesktop.spec",
              "lineNumber" : 340
            },
            "name" : "width 83.8% of button-mobile-recharge/width",
            "highlight" : [ "mobilerecharge-service_number" ]
          }, {
            "status" : "error",
            "place" : {
              "filePath" : "specs/outputSpecs/oxigenWalletHomedesktop.spec",
              "lineNumber" : 341
            },
            "name" : "width 39.6% of form-mobile-recharge/width",
            "errors" : [ "\"mobilerecharge-service_number\" width is 39.5% [207px] instead of 39.6% [207px]" ],
            "highlight" : [ "mobilerecharge-service_number" ]
          }, {
            "status" : "info",
            "place" : {
              "filePath" : "specs/outputSpecs/oxigenWalletHomedesktop.spec",
              "lineNumber" : 342
            },
            "name" : "width 227% of mb-rechrge-plans/width",
            "highlight" : [ "mobilerecharge-service_number" ]
          }, {
            "status" : "info",
            "place" : {
              "filePath" : "specs/outputSpecs/oxigenWalletHomedesktop.spec",
              "lineNumber" : 343
            },
            "name" : "width 74.7% of mb_recharge_sub_container/width",
            "highlight" : [ "mobilerecharge-service_number" ]
          }, {
            "status" : "error",
            "place" : {
              "filePath" : "specs/outputSpecs/oxigenWalletHomedesktop.spec",
              "lineNumber" : 344
            },
            "name" : "width 414% of menu/width",
            "errors" : [ "\"mobilerecharge-service_number\" width is 413% [207px] instead of 414% [207px]" ],
            "highlight" : [ "mobilerecharge-service_number" ]
          }, {
            "status" : "error",
            "place" : {
              "filePath" : "specs/outputSpecs/oxigenWalletHomedesktop.spec",
              "lineNumber" : 345
            },
            "name" : "width 39.6% of mobile/width",
            "errors" : [ "\"mobilerecharge-service_number\" width is 39.5% [207px] instead of 39.6% [207px]" ],
            "highlight" : [ "mobilerecharge-service_number" ]
          }, {
            "status" : "info",
            "place" : {
              "filePath" : "specs/outputSpecs/oxigenWalletHomedesktop.spec",
              "lineNumber" : 346
            },
            "name" : "width 178% of mobilerecharge-amount/width",
            "highlight" : [ "mobilerecharge-service_number" ]
          }, {
            "status" : "info",
            "place" : {
              "filePath" : "specs/outputSpecs/oxigenWalletHomedesktop.spec",
              "lineNumber" : 347
            },
            "name" : "width 83.8% of mobilerecharge-operator/width",
            "highlight" : [ "mobilerecharge-service_number" ]
          }, {
            "status" : "error",
            "place" : {
              "filePath" : "specs/outputSpecs/oxigenWalletHomedesktop.spec",
              "lineNumber" : 348
            },
            "name" : "height 103% of button-mobile-recharge/height",
            "errors" : [ "\"mobilerecharge-service_number\" height is 102% [38px] instead of 103% [38px]" ],
            "highlight" : [ "mobilerecharge-service_number" ]
          }, {
            "status" : "info",
            "place" : {
              "filePath" : "specs/outputSpecs/oxigenWalletHomedesktop.spec",
              "lineNumber" : 349
            },
            "name" : "height 18.5% of form-mobile-recharge/height",
            "highlight" : [ "mobilerecharge-service_number" ]
          }, {
            "status" : "info",
            "place" : {
              "filePath" : "specs/outputSpecs/oxigenWalletHomedesktop.spec",
              "lineNumber" : 350
            },
            "name" : "height 100% of mb-rechrge-plans/height",
            "highlight" : [ "mobilerecharge-service_number" ]
          }, {
            "status" : "error",
            "place" : {
              "filePath" : "specs/outputSpecs/oxigenWalletHomedesktop.spec",
              "lineNumber" : 351
            },
            "name" : "height 103% of mb_recharge_sub_container/height",
            "errors" : [ "\"mobilerecharge-service_number\" height is 102% [38px] instead of 103% [38px]" ],
            "highlight" : [ "mobilerecharge-service_number" ]
          }, {
            "status" : "error",
            "place" : {
              "filePath" : "specs/outputSpecs/oxigenWalletHomedesktop.spec",
              "lineNumber" : 352
            },
            "name" : "height 73.1% of menu/height",
            "errors" : [ "\"mobilerecharge-service_number\" height is 73.0% [38px] instead of 73.1% [38px]" ],
            "highlight" : [ "mobilerecharge-service_number" ]
          }, {
            "status" : "info",
            "place" : {
              "filePath" : "specs/outputSpecs/oxigenWalletHomedesktop.spec",
              "lineNumber" : 353
            },
            "name" : "height 18.5% of mobile/height",
            "highlight" : [ "mobilerecharge-service_number" ]
          }, {
            "status" : "info",
            "place" : {
              "filePath" : "specs/outputSpecs/oxigenWalletHomedesktop.spec",
              "lineNumber" : 354
            },
            "name" : "height 100% of mobilerecharge-amount/height",
            "highlight" : [ "mobilerecharge-service_number" ]
          }, {
            "status" : "info",
            "place" : {
              "filePath" : "specs/outputSpecs/oxigenWalletHomedesktop.spec",
              "lineNumber" : 355
            },
            "name" : "height 100% of mobilerecharge-operator/height",
            "highlight" : [ "mobilerecharge-service_number" ]
          }, {
            "status" : "info",
            "place" : {
              "filePath" : "specs/outputSpecs/oxigenWalletHomedesktop.spec",
              "lineNumber" : 356
            },
            "name" : "inside form-mobile-recharge  52px top, 39px left, 277px right, 115px bottom",
            "highlight" : [ "mobilerecharge-service_number", "form-mobile-recharge" ]
          }, {
            "status" : "info",
            "place" : {
              "filePath" : "specs/outputSpecs/oxigenWalletHomedesktop.spec",
              "lineNumber" : 357
            },
            "name" : "inside mobile  52px top, 39px left, 277px right, 115px bottom",
            "highlight" : [ "mobilerecharge-service_number", "mobile" ]
          }, {
            "status" : "info",
            "place" : {
              "filePath" : "specs/outputSpecs/oxigenWalletHomedesktop.spec",
              "lineNumber" : 358
            },
            "name" : "aligned horizontally all mobilerecharge-operator",
            "highlight" : [ "mobilerecharge-service_number", "mobilerecharge-operator" ]
          }, {
            "status" : "info",
            "place" : {
              "filePath" : "specs/outputSpecs/oxigenWalletHomedesktop.spec",
              "lineNumber" : 359
            },
            "name" : "aligned vertically right button-mobile-recharge 1px",
            "highlight" : [ "mobilerecharge-service_number", "button-mobile-recharge" ]
          }, {
            "status" : "info",
            "place" : {
              "filePath" : "specs/outputSpecs/oxigenWalletHomedesktop.spec",
              "lineNumber" : 360
            },
            "name" : "aligned vertically right mb-rechrge-plans",
            "highlight" : [ "mobilerecharge-service_number", "mb-rechrge-plans" ]
          }, {
            "status" : "info",
            "place" : {
              "filePath" : "specs/outputSpecs/oxigenWalletHomedesktop.spec",
              "lineNumber" : 361
            },
            "name" : "aligned vertically left mobilerecharge-amount",
            "highlight" : [ "mobilerecharge-service_number", "mobilerecharge-amount" ]
          }, {
            "status" : "info",
            "place" : {
              "filePath" : "specs/outputSpecs/oxigenWalletHomedesktop.spec",
              "lineNumber" : 362
            },
            "name" : "left-of mobilerecharge-operator 30px",
            "highlight" : [ "mobilerecharge-service_number", "mobilerecharge-operator" ]
          }, {
            "status" : "info",
            "place" : {
              "filePath" : "specs/outputSpecs/oxigenWalletHomedesktop.spec",
              "lineNumber" : 363
            },
            "name" : "right-of menu 118px",
            "highlight" : [ "mobilerecharge-service_number", "menu" ]
          }, {
            "status" : "info",
            "place" : {
              "filePath" : "specs/outputSpecs/oxigenWalletHomedesktop.spec",
              "lineNumber" : 364
            },
            "name" : "above button-mobile-recharge 78px",
            "highlight" : [ "mobilerecharge-service_number", "button-mobile-recharge" ]
          }, {
            "status" : "info",
            "place" : {
              "filePath" : "specs/outputSpecs/oxigenWalletHomedesktop.spec",
              "lineNumber" : 365
            },
            "name" : "above mb-rechrge-plans 20px",
            "highlight" : [ "mobilerecharge-service_number", "mb-rechrge-plans" ]
          }, {
            "status" : "info",
            "place" : {
              "filePath" : "specs/outputSpecs/oxigenWalletHomedesktop.spec",
              "lineNumber" : 366
            },
            "name" : "above mb_recharge_sub_container 78px",
            "highlight" : [ "mobilerecharge-service_number", "mb_recharge_sub_container" ]
          }, {
            "status" : "info",
            "place" : {
              "filePath" : "specs/outputSpecs/oxigenWalletHomedesktop.spec",
              "lineNumber" : 367
            },
            "name" : "above mobilerecharge-amount 20px",
            "highlight" : [ "mobilerecharge-service_number", "mobilerecharge-amount" ]
          }, {
            "status" : "info",
            "place" : {
              "filePath" : "specs/outputSpecs/oxigenWalletHomedesktop.spec",
              "lineNumber" : 368
            },
            "name" : "below menu 297px",
            "highlight" : [ "mobilerecharge-service_number", "menu" ]
          } ]
        } ]
      } ],
      "objects" : {
        "mobilerecharge-amount" : {
          "area" : [ 168, 407, 116, 38 ]
        },
        "mb-rechrge-plans" : {
          "area" : [ 284, 407, 91, 38 ]
        },
        "mobilerecharge-operator" : {
          "area" : [ 405, 349, 247, 38 ]
        },
        "button-mobile-recharge" : {
          "area" : [ 129, 465, 247, 37 ]
        },
        "mobile" : {
          "area" : [ 129, 297, 523, 205 ]
        },
        "form-mobile-recharge" : {
          "area" : [ 129, 297, 523, 205 ]
        },
        "menu" : {
          "area" : [ 0, 0, 50, 52 ]
        },
        "mobilerecharge-service_number" : {
          "area" : [ 168, 349, 207, 38 ]
        },
        "mb_recharge_sub_container" : {
          "area" : [ 114, 465, 277, 37 ]
        }
      },
      "screenshot" : "layout-1-screenshot.png",
      "type" : "layout"
    } ]
  }
}