{"pageName":"https://accounts.google.com/ServiceLogin?service=mail&passive=true&rm=false&continue=https://mail.google.com/mail/&ss=1&scc=1&ltmpl=default&ltmplcache=2&emr=1&osid=1#password","title":"Gmail","items":{"canvas":{"area":[147,138,72,72],"text":"","hasImage":true},"PersistentCookie":{"area":[55,354,13,13],"text":"yes","hasImage":true},"email-display":{"area":[55,220,256,16],"text":"pradeephebbar93@gmail.com","hasImage":true},"footer-list":{"area":[10,572,230,16],"text":"About Google Privacy Terms Help","hasImage":true},"Passwd":{"area":[55,251,256,44],"text":"","hasImage":true},"lang-vis-control":{"area":[10,561,0,0],"text":"","hasImage":true},"cc_iframe_parent":{"area":[55,138,256,0],"text":"","hasImage":true},"back-arrow":{"area":[55,135,24,24],"text":"","hasImage":true},"link-signin-different":{"area":[33,413,300,16],"text":"Sign in with a different account","hasImage":true},"password-shown":{"area":[55,251,256,44],"text":"","hasImage":true},"gaia_loginform":{"area":[55,220,256,0],"text":"pradeephebbar93@gmail.com\nStay signed in\nForgot password?","hasImage":true},"signIn":{"area":[55,305,256,36],"text":"Sign in","hasImage":true},"gaia_firstform":{"area":[55,220,256,0],"text":"","hasImage":true},"link-forgot-passwd":{"area":[196,351,115,16],"text":"Forgot password?","hasImage":true}}}