{"pageName":"https://accounts.google.com/ServiceLogin?service=mail&passive=true&rm=false&continue=https://mail.google.com/mail/&ss=1&scc=1&ltmpl=default&ltmplcache=2&emr=1&osid=1#identifier","title":"Gmail","items":{"next":{"area":[55,287,256,36],"text":"Next","hasImage":true},"cc_iframe_parent":{"area":[55,138,256,0],"text":"","hasImage":true},"canvas":{"area":[147,138,72,72],"text":"","hasImage":true},"Email":{"area":[55,236,256,44],"text":"","hasImage":true},"link-signup":{"area":[135,392,97,16],"text":"Create account","hasImage":true},"gaia_loginform":{"area":[55,220,256,0],"text":"Find my account","hasImage":true},"footer-list":{"area":[10,551,230,16],"text":"About Google Privacy Terms Help","hasImage":true},"identifier-shown":{"area":[55,236,256,44],"text":"","hasImage":true},"gaia_firstform":{"area":[55,220,256,129],"text":"Find my account","hasImage":true},"lang-vis-control":{"area":[10,540,0,0],"text":"","hasImage":true}}}